source_iri,kind,openim_code,target_iri,target_name,playground_shows,playground_objects,rules,reason
https://w3id.org/openim/ontology/DR-01,class,DR-01,https://w3id.org/openim/ontology/DR-01;https://w3id.org/openim/ontology/playground/key/DR-01_instrument_id,ListedDerivative,yes,2,entity-colour;entity-description;entity-name;identifier-inherited,"identifier inherited from E-02: property 'instrument_id' added because the entity's own key is a foreign key, drawn as a relationship"
https://w3id.org/openim/ontology/DR-02,class,DR-02,https://w3id.org/openim/ontology/DR-02;https://w3id.org/openim/ontology/playground/key/DR-02_instrument_id,OTCDerivative,yes,2,entity-colour;entity-description;entity-name;identifier-inherited,"identifier inherited from E-02: property 'instrument_id' added because the entity's own key is a foreign key, drawn as a relationship"
https://w3id.org/openim/ontology/DR-03,class,DR-03,https://w3id.org/openim/ontology/DR-03,MasterAgmtCollateralTerms,yes,1,entity-colour;entity-description;entity-name,title 'Master Agreement & Collateral Terms' written as 'MasterAgmtCollateralTerms' (26-character limit: 'Agreement' abbreviated to 'Agmt')
https://w3id.org/openim/ontology/DR-04,class,DR-04,https://w3id.org/openim/ontology/DR-04,MarginCollateralBalance,yes,1,entity-colour;entity-description;entity-name,
https://w3id.org/openim/ontology/DR-05,class,DR-05,https://w3id.org/openim/ontology/DR-05,ClearingRelationship,yes,1,entity-colour;entity-description;entity-name,
https://w3id.org/openim/ontology/E-01,class,E-01,https://w3id.org/openim/ontology/E-01,LegalEntity,yes,1,entity-colour;entity-description;entity-name,
https://w3id.org/openim/ontology/E-02,class,E-02,https://w3id.org/openim/ontology/E-02,InstrumentAsset,yes,1,entity-colour;entity-description;entity-name,
https://w3id.org/openim/ontology/E-03,class,E-03,https://w3id.org/openim/ontology/E-03,PortfolioMandate,yes,1,entity-colour;entity-description;entity-name,
https://w3id.org/openim/ontology/E-04,class,E-04,https://w3id.org/openim/ontology/E-04,HoldingPosition,yes,1,entity-colour;entity-description;entity-name,
https://w3id.org/openim/ontology/E-05,class,E-05,https://w3id.org/openim/ontology/E-05,Transaction,yes,1,entity-colour;entity-description;entity-name,
https://w3id.org/openim/ontology/E-06,class,E-06,https://w3id.org/openim/ontology/E-06,CashFlowEvent,yes,1,entity-colour;entity-description;entity-name,
https://w3id.org/openim/ontology/E-07,class,E-07,https://w3id.org/openim/ontology/E-07,Valuation,yes,1,entity-colour;entity-description;entity-name,
https://w3id.org/openim/ontology/E-08,class,E-08,https://w3id.org/openim/ontology/E-08,PriceMarketData,yes,1,entity-colour;entity-description;entity-name,
https://w3id.org/openim/ontology/E-09,class,E-09,https://w3id.org/openim/ontology/E-09,AssetClass,yes,1,entity-colour;entity-description;entity-name,
https://w3id.org/openim/ontology/E-10,class,E-10,https://w3id.org/openim/ontology/E-10,BenchmarkIndex,yes,1,entity-colour;entity-description;entity-name,
https://w3id.org/openim/ontology/E-11,class,E-11,https://w3id.org/openim/ontology/E-11,ClassificationTypeValue,yes,1,entity-colour;entity-description;entity-name,
https://w3id.org/openim/ontology/E-12,class,E-12,https://w3id.org/openim/ontology/E-12,ClassificationHistory,yes,1,entity-colour;entity-description;entity-name,
https://w3id.org/openim/ontology/E-13,class,E-13,https://w3id.org/openim/ontology/E-13,EntityAlias,yes,1,entity-colour;entity-description;entity-name,
https://w3id.org/openim/ontology/E-14,class,E-14,https://w3id.org/openim/ontology/E-14,ExternalIdentifier,yes,1,entity-colour;entity-description;entity-name,
https://w3id.org/openim/ontology/E-15,class,E-15,https://w3id.org/openim/ontology/E-15,DocumentMetadata,yes,1,entity-colour;entity-description;entity-name,
https://w3id.org/openim/ontology/E-16,class,E-16,https://w3id.org/openim/ontology/E-16,RiskLimit,yes,1,entity-colour;entity-description;entity-name,
https://w3id.org/openim/ontology/E-17,class,E-17,https://w3id.org/openim/ontology/E-17,Scenario,yes,1,entity-colour;entity-description;entity-name,
https://w3id.org/openim/ontology/E-18,class,E-18,https://w3id.org/openim/ontology/E-18,LimitBreach,yes,1,entity-colour;entity-description;entity-name,
https://w3id.org/openim/ontology/E-19,class,E-19,https://w3id.org/openim/ontology/E-19,RiskMeasurement,yes,1,entity-colour;entity-description;entity-name,
https://w3id.org/openim/ontology/E-20,class,E-20,https://w3id.org/openim/ontology/E-20,PerformanceResult,yes,1,entity-colour;entity-description;entity-name,
https://w3id.org/openim/ontology/E-21,class,E-21,https://w3id.org/openim/ontology/E-21,ESGMeasurement,yes,1,entity-colour;entity-description;entity-name,
https://w3id.org/openim/ontology/E-22,class,E-22,https://w3id.org/openim/ontology/E-22,MetricDefinition,yes,1,entity-colour;entity-description;entity-name,
https://w3id.org/openim/ontology/E-23,class,E-23,https://w3id.org/openim/ontology/E-23,ExtractionRecord,yes,1,entity-colour;entity-description;entity-name,
https://w3id.org/openim/ontology/E-24,class,E-24,https://w3id.org/openim/ontology/E-24,ReconciliationBreak,yes,1,entity-colour;entity-description;entity-name,
https://w3id.org/openim/ontology/E-25,class,E-25,https://w3id.org/openim/ontology/E-25,Account,yes,1,entity-colour;entity-description;entity-name,
https://w3id.org/openim/ontology/E-26,class,E-26,https://w3id.org/openim/ontology/E-26,CollateralPosition,yes,1,entity-colour;entity-description;entity-name,
https://w3id.org/openim/ontology/E-27,class,E-27,https://w3id.org/openim/ontology/E-27,LiabilityProfile,yes,1,entity-colour;entity-description;entity-name,
https://w3id.org/openim/ontology/E-28,class,E-28,https://w3id.org/openim/ontology/E-28,RiskBudget,yes,1,entity-colour;entity-description;entity-name,
https://w3id.org/openim/ontology/E-29,class,E-29,https://w3id.org/openim/ontology/E-29,AllocationPlan,yes,1,entity-colour;entity-description;entity-name,
https://w3id.org/openim/ontology/E-30,class,E-30,https://w3id.org/openim/ontology/E-30,Goal,yes,1,entity-colour;entity-description;entity-name,
https://w3id.org/openim/ontology/E-31,class,E-31,https://w3id.org/openim/ontology/E-31,GoalProgressMeasurement,yes,1,entity-colour;entity-description;entity-name,
https://w3id.org/openim/ontology/E-32,class,E-32,https://w3id.org/openim/ontology/E-32,TaxLot,yes,1,entity-colour;entity-description;entity-name,
https://w3id.org/openim/ontology/E-33,class,E-33,https://w3id.org/openim/ontology/E-33,FinancialPlan,yes,1,entity-colour;entity-description;entity-name,
https://w3id.org/openim/ontology/E-34,class,E-34,https://w3id.org/openim/ontology/E-34,InvestmentAuthorisation,yes,1,entity-colour;entity-description;entity-name,
https://w3id.org/openim/ontology/E-35,class,E-35,https://w3id.org/openim/ontology/E-35,ComplaintRecord,yes,1,entity-colour;entity-description;entity-name,
https://w3id.org/openim/ontology/E-36,class,E-36,https://w3id.org/openim/ontology/E-36,OversightException,yes,1,entity-colour;entity-description;entity-name,
https://w3id.org/openim/ontology/E-37,class,E-37,https://w3id.org/openim/ontology/E-37,ESGComplianceResult,yes,1,entity-colour;entity-description;entity-name,
https://w3id.org/openim/ontology/E-38,class,E-38,https://w3id.org/openim/ontology/E-38,InternalCreditRating,yes,1,entity-colour;entity-description;entity-name,
https://w3id.org/openim/ontology/FO-01,class,FO-01,https://w3id.org/openim/ontology/FO-01,FundProduct,yes,1,entity-colour;entity-description;entity-name,
https://w3id.org/openim/ontology/FO-02,class,FO-02,https://w3id.org/openim/ontology/FO-02,ShareUnitClass,yes,1,entity-colour;entity-description;entity-name,
https://w3id.org/openim/ontology/FO-03,class,FO-03,https://w3id.org/openim/ontology/FO-03,InvestorUnitholding,yes,1,entity-colour;entity-description;entity-name,
https://w3id.org/openim/ontology/FO-04,class,FO-04,https://w3id.org/openim/ontology/FO-04,DealingOrder,yes,1,entity-colour;entity-description;entity-name,
https://w3id.org/openim/ontology/FO-05,class,FO-05,https://w3id.org/openim/ontology/FO-05,FundDistributionEvent,yes,1,entity-colour;entity-description;entity-name,
https://w3id.org/openim/ontology/FO-06,class,FO-06,https://w3id.org/openim/ontology/FO-06,FeeAccrual,yes,1,entity-colour;entity-description;entity-name,
https://w3id.org/openim/ontology/FO-07,class,FO-07,https://w3id.org/openim/ontology/FO-07,InvestorTaxStatement,yes,1,entity-colour;entity-description;entity-name,
https://w3id.org/openim/ontology/FO-08,class,FO-08,https://w3id.org/openim/ontology/FO-08,ServiceProviderAppointment,yes,1,entity-colour;entity-description;entity-name,
https://w3id.org/openim/ontology/FO-09,class,FO-09,https://w3id.org/openim/ontology/FO-09,OmnibusAccount,yes,1,entity-colour;entity-description;entity-name,
https://w3id.org/openim/ontology/FO-10,class,FO-10,https://w3id.org/openim/ontology/FO-10,ETFCreationRedemptionOrder,yes,1,entity-colour;entity-description;entity-name,
https://w3id.org/openim/ontology/FO-11,class,FO-11,https://w3id.org/openim/ontology/FO-11,ETFCreationBasket,yes,1,entity-colour;entity-description;entity-name,title 'ETF Creation Basket (Portfolio Composition File)' written as 'ETFCreationBasket' (26-character limit: parenthetical gloss dropped)
https://w3id.org/openim/ontology/FO-12,class,FO-12,https://w3id.org/openim/ontology/FO-12,ETFAPAgreement,yes,1,entity-colour;entity-description;entity-name,title 'ETF Authorised-Participant Agreement' written as 'ETFAPAgreement' (26-character limit: hyphenated words reduced to initials)
https://w3id.org/openim/ontology/PB-01,class,PB-01,https://w3id.org/openim/ontology/PB-01;https://w3id.org/openim/ontology/playground/key/PB-01_instrument_id,ListedEquity,yes,2,entity-colour;entity-description;entity-name;identifier-inherited,"identifier inherited from E-02: property 'instrument_id' added because the entity's own key is a foreign key, drawn as a relationship"
https://w3id.org/openim/ontology/PB-02,class,PB-02,https://w3id.org/openim/ontology/PB-02;https://w3id.org/openim/ontology/playground/key/PB-02_instrument_id,DebtInstrument,yes,2,entity-colour;entity-description;entity-name;identifier-inherited,"identifier inherited from E-02: property 'instrument_id' added because the entity's own key is a foreign key, drawn as a relationship"
https://w3id.org/openim/ontology/PB-03,class,PB-03,https://w3id.org/openim/ontology/PB-03,Order,yes,1,entity-colour;entity-description;entity-name,
https://w3id.org/openim/ontology/PB-04,class,PB-04,https://w3id.org/openim/ontology/PB-04,Execution,yes,1,entity-colour;entity-description;entity-name,
https://w3id.org/openim/ontology/PB-05,class,PB-05,https://w3id.org/openim/ontology/PB-05,Allocation,yes,1,entity-colour;entity-description;entity-name,
https://w3id.org/openim/ontology/PB-06,class,PB-06,https://w3id.org/openim/ontology/PB-06,SettlementInstruction,yes,1,entity-colour;entity-description;entity-name,
https://w3id.org/openim/ontology/PB-07,class,PB-07,https://w3id.org/openim/ontology/PB-07,CorporateAction,yes,1,entity-colour;entity-description;entity-name,
https://w3id.org/openim/ontology/PB-08,class,PB-08,https://w3id.org/openim/ontology/PB-08,IncomeSchedule,yes,1,entity-colour;entity-description;entity-name,
https://w3id.org/openim/ontology/PB-09,class,PB-09,https://w3id.org/openim/ontology/PB-09,IndexConstituent,yes,1,entity-colour;entity-description;entity-name,
https://w3id.org/openim/ontology/PB-10,class,PB-10,https://w3id.org/openim/ontology/PB-10,SecuritiesLoan,yes,1,entity-colour;entity-description;entity-name,
https://w3id.org/openim/ontology/PB-11,class,PB-11,https://w3id.org/openim/ontology/PB-11,ProxyVote,yes,1,entity-colour;entity-description;entity-name,
https://w3id.org/openim/ontology/PM-01,class,PM-01,https://w3id.org/openim/ontology/PM-01,FundVehicle,yes,1,entity-colour;entity-description;entity-name,
https://w3id.org/openim/ontology/PM-02,class,PM-02,https://w3id.org/openim/ontology/PM-02,GPManagementCompany,yes,1,entity-colour;entity-description;entity-name,
https://w3id.org/openim/ontology/PM-03,class,PM-03,https://w3id.org/openim/ontology/PM-03,FundAdministrator,yes,1,entity-colour;entity-description;entity-name,
https://w3id.org/openim/ontology/PM-04,class,PM-04,https://w3id.org/openim/ontology/PM-04,PortfolioCompany,yes,1,entity-colour;entity-description;entity-name,
https://w3id.org/openim/ontology/PM-05,class,PM-05,https://w3id.org/openim/ontology/PM-05,LegalVehicleSPV,yes,1,entity-colour;entity-description;entity-name,
https://w3id.org/openim/ontology/PM-06,class,PM-06,https://w3id.org/openim/ontology/PM-06,LPCommitment,yes,1,entity-colour;entity-description;entity-name,
https://w3id.org/openim/ontology/PM-07,class,PM-07,https://w3id.org/openim/ontology/PM-07,CapitalCall,yes,1,entity-colour;entity-description;entity-name,
https://w3id.org/openim/ontology/PM-08,class,PM-08,https://w3id.org/openim/ontology/PM-08,Distribution,yes,1,entity-colour;entity-description;entity-name,
https://w3id.org/openim/ontology/PM-09,class,PM-09,https://w3id.org/openim/ontology/PM-09,FundInvestment,yes,1,entity-colour;entity-description;entity-name,
https://w3id.org/openim/ontology/PM-10,class,PM-10,https://w3id.org/openim/ontology/PM-10,FundTerms,yes,1,entity-colour;entity-description;entity-name,
https://w3id.org/openim/ontology/PM-11,class,PM-11,https://w3id.org/openim/ontology/PM-11,ManagerSuccessionEvent,yes,1,entity-colour;entity-description;entity-name,
https://w3id.org/openim/ontology/PM-12,class,PM-12,https://w3id.org/openim/ontology/PM-12,BenchmarkCrossReference,yes,1,entity-colour;entity-description;entity-name,
https://w3id.org/openim/ontology/PM-13,class,PM-13,https://w3id.org/openim/ontology/PM-13,InvestorCapitalAccount,yes,1,entity-colour;entity-description;entity-name,
https://w3id.org/openim/ontology/PM-14,class,PM-14,https://w3id.org/openim/ontology/PM-14;https://w3id.org/openim/ontology/playground/key/PM-14_instrument_id,DirectLoan,yes,2,entity-colour;entity-description;entity-name;identifier-inherited,"identifier inherited from E-02: property 'instrument_id' added because the entity's own key is a foreign key, drawn as a relationship"
https://w3id.org/openim/ontology/PM-15,class,PM-15,https://w3id.org/openim/ontology/PM-15,DealInvestmentOpportunity,yes,1,entity-colour;entity-description;entity-name,
https://w3id.org/openim/ontology/RA-01,class,RA-01,https://w3id.org/openim/ontology/RA-01,DirectRealAsset,yes,1,entity-colour;entity-description;entity-name,
https://w3id.org/openim/ontology/RA-02,class,RA-02,https://w3id.org/openim/ontology/RA-02,AssetOperatingRecord,yes,1,entity-colour;entity-description;entity-name,
https://w3id.org/openim/ontology/RA-03,class,RA-03,https://w3id.org/openim/ontology/RA-03,LeaseTenancy,yes,1,entity-colour;entity-description;entity-name,
https://w3id.org/openim/ontology/RA-04,class,RA-04,https://w3id.org/openim/ontology/RA-04,DevelopmentProject,yes,1,entity-colour;entity-description;entity-name,
https://w3id.org/openim/ontology/RA-05,class,RA-05,https://w3id.org/openim/ontology/RA-05,AssetAppraisal,yes,1,entity-colour;entity-description;entity-name,
https://w3id.org/openim/ontology/DR-01#ccp_entity_id,object_property,DR-01.ccp_entity_id,,,no,0,relationship-duplicate-dropped,"duplicates the relation verb 'cleared_through' (https://w3id.org/openim/ontology/cleared-through), which already draws DR-01 to E-01 as https://w3id.org/openim/ontology/playground/cleared-through_DR-01_E-01; the column keeps its canonical IRI without a domain or range"
https://w3id.org/openim/ontology/DR-01#exchange_entity_id,object_property,DR-01.exchange_entity_id,,,no,0,relationship-duplicate-dropped,"duplicates the relation verb 'listed_on' (https://w3id.org/openim/ontology/listed-on), which already draws DR-01 to E-01 as https://w3id.org/openim/ontology/listed-on; the column keeps its canonical IRI without a domain or range"
https://w3id.org/openim/ontology/DR-01#instrument_id,object_property,DR-01.instrument_id,,,no,0,relationship-duplicate-dropped,"duplicates the relation verb 'on_instrument' (https://w3id.org/openim/ontology/on-instrument), which already draws DR-01 to E-02 as https://w3id.org/openim/ontology/playground/on-instrument_DR-01_E-02; the column keeps its canonical IRI without a domain or range"
https://w3id.org/openim/ontology/DR-01#underlying_instrument_id,object_property,DR-01.underlying_instrument_id,,,no,0,relationship-duplicate-dropped,"duplicates the relation verb 'underlying_is' (https://w3id.org/openim/ontology/underlying-is), which already draws DR-01 to E-02 as https://w3id.org/openim/ontology/playground/underlying-is_DR-01_E-02; the column keeps its canonical IRI without a domain or range"
https://w3id.org/openim/ontology/DR-01#underlying_reference,object_property,DR-01.underlying_reference,,,no,0,relationship-duplicate-dropped,"duplicates the relation verb 'underlying_index_is' (https://w3id.org/openim/ontology/underlying-index-is), which already draws DR-01 to E-10 as https://w3id.org/openim/ontology/playground/underlying-index-is_DR-01_E-10; the column keeps its canonical IRI without a domain or range"
https://w3id.org/openim/ontology/DR-02#counterparty_entity_id,object_property,DR-02.counterparty_entity_id,,,no,0,relationship-duplicate-dropped,"duplicates the relation verb 'has_counterparty' (https://w3id.org/openim/ontology/has-counterparty), which already draws DR-02 to E-01 as https://w3id.org/openim/ontology/playground/has-counterparty_DR-02_E-01; the column keeps its canonical IRI without a domain or range"
https://w3id.org/openim/ontology/DR-02#instrument_id,object_property,DR-02.instrument_id,,,no,0,relationship-duplicate-dropped,"duplicates the relation verb 'on_instrument' (https://w3id.org/openim/ontology/on-instrument), which already draws DR-02 to E-02 as https://w3id.org/openim/ontology/playground/on-instrument_DR-02_E-02; the column keeps its canonical IRI without a domain or range"
https://w3id.org/openim/ontology/DR-02#master_agreement_id,object_property,DR-02.master_agreement_id,,,no,0,relationship-duplicate-dropped,"duplicates the relation verb 'under_master_agreement' (https://w3id.org/openim/ontology/under-master-agreement), which already draws DR-02 to DR-03 as https://w3id.org/openim/ontology/playground/under-master-agreement_DR-02_DR-03; the column keeps its canonical IRI without a domain or range"
https://w3id.org/openim/ontology/DR-02#underlying_instrument_id,object_property,DR-02.underlying_instrument_id,,,no,0,relationship-duplicate-dropped,"duplicates the relation verb 'underlying_is' (https://w3id.org/openim/ontology/underlying-is), which already draws DR-02 to E-02 as https://w3id.org/openim/ontology/playground/underlying-is_DR-02_E-02; the column keeps its canonical IRI without a domain or range"
https://w3id.org/openim/ontology/DR-02#underlying_reference,object_property,DR-02.underlying_reference,,,no,0,relationship-duplicate-dropped,"duplicates the relation verb 'underlying_index_is' (https://w3id.org/openim/ontology/underlying-index-is), which already draws DR-02 to E-10 as https://w3id.org/openim/ontology/playground/underlying-index-is_DR-02_E-10; the column keeps its canonical IRI without a domain or range"
https://w3id.org/openim/ontology/DR-03#counterparty_entity_id,object_property,DR-03.counterparty_entity_id,,,no,0,relationship-duplicate-dropped,"duplicates the relation verb 'has_counterparty' (https://w3id.org/openim/ontology/has-counterparty), which already draws DR-03 to E-01 as https://w3id.org/openim/ontology/playground/has-counterparty_DR-03_E-01; the column keeps its canonical IRI without a domain or range"
https://w3id.org/openim/ontology/DR-03#investor_entity_id,object_property,DR-03.investor_entity_id,,,no,0,relationship-duplicate-dropped,"duplicates the relation verb 'has_investor' (https://w3id.org/openim/ontology/has-investor), which already draws DR-03 to E-01 as https://w3id.org/openim/ontology/playground/has-investor_DR-03_E-01; the column keeps its canonical IRI without a domain or range"
https://w3id.org/openim/ontology/DR-04#clearing_relationship_id,object_property,DR-04.clearing_relationship_id,,,no,0,relationship-duplicate-dropped,"duplicates the relation verb 'under_clearing_relationship' (https://w3id.org/openim/ontology/under-clearing-relationship), which already draws DR-04 to DR-05 as https://w3id.org/openim/ontology/under-clearing-relationship; the column keeps its canonical IRI without a domain or range"
https://w3id.org/openim/ontology/DR-04#master_agreement_id,object_property,DR-04.master_agreement_id,,,no,0,relationship-duplicate-dropped,"duplicates the relation verb 'under_master_agreement' (https://w3id.org/openim/ontology/under-master-agreement), which already draws DR-04 to DR-03 as https://w3id.org/openim/ontology/playground/under-master-agreement_DR-04_DR-03; the column keeps its canonical IRI without a domain or range"
https://w3id.org/openim/ontology/DR-05#ccp_entity_id,object_property,DR-05.ccp_entity_id,,,no,0,relationship-duplicate-dropped,"duplicates the relation verb 'cleared_through' (https://w3id.org/openim/ontology/cleared-through), which already draws DR-05 to E-01 as https://w3id.org/openim/ontology/playground/cleared-through_DR-05_E-01; the column keeps its canonical IRI without a domain or range"
https://w3id.org/openim/ontology/DR-05#clearing_broker_entity_id,object_property,DR-05.clearing_broker_entity_id,,,no,0,relationship-duplicate-dropped,"duplicates the relation verb 'has_clearing_broker' (https://w3id.org/openim/ontology/has-clearing-broker), which already draws DR-05 to E-01 as https://w3id.org/openim/ontology/has-clearing-broker; the column keeps its canonical IRI without a domain or range"
https://w3id.org/openim/ontology/DR-05#investor_entity_id,object_property,DR-05.investor_entity_id,,,no,0,relationship-duplicate-dropped,"duplicates the relation verb 'has_investor' (https://w3id.org/openim/ontology/has-investor), which already draws DR-05 to E-01 as https://w3id.org/openim/ontology/playground/has-investor_DR-05_E-01; the column keeps its canonical IRI without a domain or range"
https://w3id.org/openim/ontology/E-02#asset_class,object_property,E-02.asset_class,,,no,0,relationship-duplicate-dropped,"duplicates the relation verb 'classified_as_asset_class' (https://w3id.org/openim/ontology/classified-as-asset-class), which already draws E-02 to E-09 as https://w3id.org/openim/ontology/playground/classified-as-asset-class_E-02_E-09; the column keeps its canonical IRI without a domain or range"
https://w3id.org/openim/ontology/E-02#issuer_entity_id,object_property,E-02.issuer_entity_id,,,no,0,relationship-duplicate-dropped,"duplicates the relation verb 'issued_by' (https://w3id.org/openim/ontology/issued-by), which already draws E-02 to E-01 as https://w3id.org/openim/ontology/playground/issued-by_E-02_E-01; the column keeps its canonical IRI without a domain or range"
https://w3id.org/openim/ontology/E-03#asset_class,object_property,E-03.asset_class,,,no,0,relationship-duplicate-dropped,"duplicates the relation verb 'classified_as_asset_class' (https://w3id.org/openim/ontology/classified-as-asset-class), which already draws E-03 to E-09 as https://w3id.org/openim/ontology/playground/classified-as-asset-class_E-03_E-09; the column keeps its canonical IRI without a domain or range"
https://w3id.org/openim/ontology/E-03#benchmark_id,object_property,E-03.benchmark_id,,,no,0,relationship-duplicate-dropped,"duplicates the relation verb 'benchmarked_to' (https://w3id.org/openim/ontology/benchmarked-to), which already draws E-03 to E-10 as https://w3id.org/openim/ontology/benchmarked-to; the column keeps its canonical IRI without a domain or range"
https://w3id.org/openim/ontology/E-03#governing_plan_id,object_property,E-03.governing_plan_id,,,no,0,relationship-duplicate-dropped,"duplicates the relation verb 'governed_by_plan' (https://w3id.org/openim/ontology/governed-by-plan), which already draws E-03 to E-29 as https://w3id.org/openim/ontology/governed-by-plan; the column keeps its canonical IRI without a domain or range"
https://w3id.org/openim/ontology/E-03#managed_by_entity_id,object_property,E-03.managed_by_entity_id,,,no,0,relationship-duplicate-dropped,"duplicates the relation verb 'managed_by' (https://w3id.org/openim/ontology/managed-by), which already draws E-03 to E-01 as https://w3id.org/openim/ontology/playground/managed-by_E-03_E-01; the column keeps its canonical IRI without a domain or range"
https://w3id.org/openim/ontology/E-04#instrument_id,object_property,E-04.instrument_id,,,no,0,relationship-duplicate-dropped,"duplicates the relation verb 'position_in' (https://w3id.org/openim/ontology/position-in), which already draws E-04 to E-02 as https://w3id.org/openim/ontology/position-in; the column keeps its canonical IRI without a domain or range"
https://w3id.org/openim/ontology/E-04#portfolio_id,object_property,E-04.portfolio_id,,,no,0,relationship-duplicate-dropped,"duplicates the relation verb 'in_portfolio' (https://w3id.org/openim/ontology/in-portfolio), which already draws E-04 to E-03 as https://w3id.org/openim/ontology/playground/in-portfolio_E-04_E-03; the column keeps its canonical IRI without a domain or range"
https://w3id.org/openim/ontology/E-05#counterparty_entity_id,object_property,E-05.counterparty_entity_id,,,no,0,relationship-duplicate-dropped,"duplicates the relation verb 'has_counterparty' (https://w3id.org/openim/ontology/has-counterparty), which already draws E-05 to E-01 as https://w3id.org/openim/ontology/playground/has-counterparty_E-05_E-01; the column keeps its canonical IRI without a domain or range"
https://w3id.org/openim/ontology/E-05#instrument_id,object_property,E-05.instrument_id,,,no,0,relationship-duplicate-dropped,"duplicates the relation verb 'on_instrument' (https://w3id.org/openim/ontology/on-instrument), which already draws E-05 to E-02 as https://w3id.org/openim/ontology/playground/on-instrument_E-05_E-02; the column keeps its canonical IRI without a domain or range"
https://w3id.org/openim/ontology/E-05#portfolio_id,object_property,E-05.portfolio_id,,,no,0,relationship-duplicate-dropped,"duplicates the relation verb 'in_portfolio' (https://w3id.org/openim/ontology/in-portfolio), which already draws E-05 to E-03 as https://w3id.org/openim/ontology/playground/in-portfolio_E-05_E-03; the column keeps its canonical IRI without a domain or range"
https://w3id.org/openim/ontology/E-06#instrument_id,object_property,E-06.instrument_id,,,no,0,relationship-duplicate-dropped,"duplicates the relation verb 'on_instrument' (https://w3id.org/openim/ontology/on-instrument), which already draws E-06 to E-02 as https://w3id.org/openim/ontology/playground/on-instrument_E-06_E-02; the column keeps its canonical IRI without a domain or range"
https://w3id.org/openim/ontology/E-06#portfolio_id,object_property,E-06.portfolio_id,,,no,0,relationship-duplicate-dropped,"duplicates the relation verb 'in_portfolio' (https://w3id.org/openim/ontology/in-portfolio), which already draws E-06 to E-03 as https://w3id.org/openim/ontology/playground/in-portfolio_E-06_E-03; the column keeps its canonical IRI without a domain or range"
https://w3id.org/openim/ontology/E-06#transaction_id,object_property,E-06.transaction_id,,,no,0,relationship-duplicate-dropped,"duplicates the relation verb 'from_transaction' (https://w3id.org/openim/ontology/from-transaction), which already draws E-06 to E-05 as https://w3id.org/openim/ontology/playground/from-transaction_E-06_E-05; the column keeps its canonical IRI without a domain or range"
https://w3id.org/openim/ontology/E-07#instrument_id,object_property,E-07.instrument_id,,,no,0,relationship-duplicate-dropped,"duplicates the relation verb 'on_instrument' (https://w3id.org/openim/ontology/on-instrument), which already draws E-07 to E-02 as https://w3id.org/openim/ontology/playground/on-instrument_E-07_E-02; the column keeps its canonical IRI without a domain or range"
https://w3id.org/openim/ontology/E-07#position_id,object_property,E-07.position_id,,,no,0,relationship-duplicate-dropped,"duplicates the relation verb 'valuation_of' (https://w3id.org/openim/ontology/valuation-of), which already draws E-07 to E-04 as https://w3id.org/openim/ontology/valuation-of; the column keeps its canonical IRI without a domain or range"
https://w3id.org/openim/ontology/E-07#unit_class_id,object_property,E-07.unit_class_id,,,no,0,relationship-duplicate-dropped,"duplicates the relation verb 'of_share_class' (https://w3id.org/openim/ontology/of-share-class), which already draws E-07 to FO-02 as https://w3id.org/openim/ontology/playground/of-share-class_E-07_FO-02; the column keeps its canonical IRI without a domain or range"
https://w3id.org/openim/ontology/E-08#instrument_id,object_property,E-08.instrument_id,,,no,0,relationship-duplicate-dropped,"duplicates the relation verb 'on_instrument' (https://w3id.org/openim/ontology/on-instrument), which already draws E-08 to E-02 as https://w3id.org/openim/ontology/playground/on-instrument_E-08_E-02; the column keeps its canonical IRI without a domain or range"
https://w3id.org/openim/ontology/E-10#asset_class,object_property,E-10.asset_class,,,no,0,relationship-duplicate-dropped,"duplicates the relation verb 'classified_as_asset_class' (https://w3id.org/openim/ontology/classified-as-asset-class), which already draws E-10 to E-09 as https://w3id.org/openim/ontology/playground/classified-as-asset-class_E-10_E-09; the column keeps its canonical IRI without a domain or range"
https://w3id.org/openim/ontology/E-12#classification_type,object_property,E-12.classification_type,,,no,0,relationship-duplicate-dropped,"duplicates the relation verb 'has_classification_type' (https://w3id.org/openim/ontology/has-classification-type), which already draws E-12 to E-11 as https://w3id.org/openim/ontology/has-classification-type; the column keeps its canonical IRI without a domain or range"
https://w3id.org/openim/ontology/E-12#classification_value,object_property,E-12.classification_value,,,no,0,relationship-duplicate-dropped,"duplicates the relation verb 'has_classification_value' (https://w3id.org/openim/ontology/has-classification-value), which already draws E-12 to E-11 as https://w3id.org/openim/ontology/has-classification-value; the column keeps its canonical IRI without a domain or range"
https://w3id.org/openim/ontology/E-18#limit_id,object_property,E-18.limit_id,,,no,0,relationship-duplicate-dropped,"duplicates the relation verb 'breach_of_limit' (https://w3id.org/openim/ontology/breach-of-limit), which already draws E-18 to E-16 as https://w3id.org/openim/ontology/breach-of-limit; the column keeps its canonical IRI without a domain or range"
https://w3id.org/openim/ontology/E-18#measurement_id,object_property,E-18.measurement_id,,,no,0,relationship-duplicate-dropped,"duplicates the relation verb 'detected_by_measurement' (https://w3id.org/openim/ontology/detected-by-measurement), which already draws E-18 to E-19 as https://w3id.org/openim/ontology/detected-by-measurement; the column keeps its canonical IRI without a domain or range"
https://w3id.org/openim/ontology/E-19#scenario_id,object_property,E-19.scenario_id,,,no,0,relationship-duplicate-dropped,"duplicates the relation verb 'under_scenario' (https://w3id.org/openim/ontology/under-scenario), which already draws E-19 to E-17 as https://w3id.org/openim/ontology/under-scenario; the column keeps its canonical IRI without a domain or range"
https://w3id.org/openim/ontology/E-20#metric_definition_id,object_property,E-20.metric_definition_id,,,no,0,relationship-duplicate-dropped,"duplicates the relation verb 'computed_per_metric' (https://w3id.org/openim/ontology/computed-per-metric), which already draws E-20 to E-22 as https://w3id.org/openim/ontology/playground/computed-per-metric_E-20_E-22; the column keeps its canonical IRI without a domain or range"
https://w3id.org/openim/ontology/E-23#document_id,object_property,E-23.document_id,,,no,0,relationship-duplicate-dropped,"duplicates the relation verb 'extracted_from' (https://w3id.org/openim/ontology/extracted-from), which already draws E-23 to E-15 as https://w3id.org/openim/ontology/extracted-from; the column keeps its canonical IRI without a domain or range"
https://w3id.org/openim/ontology/E-25#holder_entity_id,object_property,E-25.holder_entity_id,,,no,0,relationship-duplicate-dropped,"duplicates the relation verb 'held_by' (https://w3id.org/openim/ontology/held-by), which already draws E-25 to E-01 as https://w3id.org/openim/ontology/held-by; the column keeps its canonical IRI without a domain or range"
https://w3id.org/openim/ontology/E-25#portfolio_links,object_property,E-25.portfolio_links,,,no,0,relationship-duplicate-dropped,"duplicates the relation verb 'linked_to_portfolio' (https://w3id.org/openim/ontology/linked-to-portfolio), which already draws E-25 to E-03 as https://w3id.org/openim/ontology/linked-to-portfolio; the column keeps its canonical IRI without a domain or range"
https://w3id.org/openim/ontology/E-26#collateral_instrument_id,object_property,E-26.collateral_instrument_id,,,no,0,relationship-duplicate-dropped,"duplicates the relation verb 'on_instrument' (https://w3id.org/openim/ontology/on-instrument), which already draws E-26 to E-02 as https://w3id.org/openim/ontology/playground/on-instrument_E-26_E-02; the column keeps its canonical IRI without a domain or range"
https://w3id.org/openim/ontology/E-26#counterparty_entity_id,object_property,E-26.counterparty_entity_id,,,no,0,relationship-duplicate-dropped,"duplicates the relation verb 'has_counterparty' (https://w3id.org/openim/ontology/has-counterparty), which already draws E-26 to E-01 as https://w3id.org/openim/ontology/playground/has-counterparty_E-26_E-01; the column keeps its canonical IRI without a domain or range"
https://w3id.org/openim/ontology/E-29#subject_id,object_property,E-29.subject_id,,,no,0,relationship-duplicate-dropped,"duplicates the relation verb 'applies_to_portfolio' (https://w3id.org/openim/ontology/applies-to-portfolio), which already draws E-29 to E-03 as https://w3id.org/openim/ontology/applies-to-portfolio; the column keeps its canonical IRI without a domain or range"
https://w3id.org/openim/ontology/E-30#funding_portfolio_id,object_property,E-30.funding_portfolio_id,,,no,0,relationship-duplicate-dropped,"duplicates the relation verb 'funded_by_portfolio' (https://w3id.org/openim/ontology/funded-by-portfolio), which already draws E-30 to E-03 as https://w3id.org/openim/ontology/funded-by-portfolio; the column keeps its canonical IRI without a domain or range"
https://w3id.org/openim/ontology/E-30#household_entity_id,object_property,E-30.household_entity_id,,,no,0,relationship-duplicate-dropped,"duplicates the relation verb 'for_party' (https://w3id.org/openim/ontology/for-party), which already draws E-30 to E-01 as https://w3id.org/openim/ontology/playground/for-party_E-30_E-01; the column keeps its canonical IRI without a domain or range"
https://w3id.org/openim/ontology/E-31#goal_id,object_property,E-31.goal_id,,,no,0,relationship-duplicate-dropped,"duplicates the relation verb 'measures_goal' (https://w3id.org/openim/ontology/measures-goal), which already draws E-31 to E-30 as https://w3id.org/openim/ontology/measures-goal; the column keeps its canonical IRI without a domain or range"
https://w3id.org/openim/ontology/E-31#metric_definition_id,object_property,E-31.metric_definition_id,,,no,0,relationship-duplicate-dropped,"duplicates the relation verb 'computed_per_metric' (https://w3id.org/openim/ontology/computed-per-metric), which already draws E-31 to E-22 as https://w3id.org/openim/ontology/playground/computed-per-metric_E-31_E-22; the column keeps its canonical IRI without a domain or range"
https://w3id.org/openim/ontology/E-32#acquisition_transaction_id,object_property,E-32.acquisition_transaction_id,,,no,0,relationship-duplicate-dropped,"duplicates the relation verb 'acquired_via' (https://w3id.org/openim/ontology/acquired-via), which already draws E-32 to E-05 as https://w3id.org/openim/ontology/acquired-via; the column keeps its canonical IRI without a domain or range"
https://w3id.org/openim/ontology/E-32#client_entity_id,object_property,E-32.client_entity_id,,,no,0,relationship-duplicate-dropped,"duplicates the relation verb 'for_party' (https://w3id.org/openim/ontology/for-party), which already draws E-32 to E-01 as https://w3id.org/openim/ontology/playground/for-party_E-32_E-01; the column keeps its canonical IRI without a domain or range"
https://w3id.org/openim/ontology/E-32#instrument_id,object_property,E-32.instrument_id,,,no,0,relationship-duplicate-dropped,"duplicates the relation verb 'on_instrument' (https://w3id.org/openim/ontology/on-instrument), which already draws E-32 to E-02 as https://w3id.org/openim/ontology/playground/on-instrument_E-32_E-02; the column keeps its canonical IRI without a domain or range"
https://w3id.org/openim/ontology/E-33#goal_set,object_property,E-33.goal_set,,,no,0,relationship-duplicate-dropped,"duplicates the relation verb 'includes_goal' (https://w3id.org/openim/ontology/includes-goal), which already draws E-33 to E-30 as https://w3id.org/openim/ontology/includes-goal; the column keeps its canonical IRI without a domain or range"
https://w3id.org/openim/ontology/E-33#household_entity_id,object_property,E-33.household_entity_id,,,no,0,relationship-duplicate-dropped,"duplicates the relation verb 'for_party' (https://w3id.org/openim/ontology/for-party), which already draws E-33 to E-01 as https://w3id.org/openim/ontology/playground/for-party_E-33_E-01; the column keeps its canonical IRI without a domain or range"
https://w3id.org/openim/ontology/E-34#ic_memorandum_ref,object_property,E-34.ic_memorandum_ref,,,no,0,relationship-duplicate-dropped,"duplicates the relation verb 'has_document' (https://w3id.org/openim/ontology/has-document), which already draws E-34 to E-15 as https://w3id.org/openim/ontology/has-document; the column keeps its canonical IRI without a domain or range"
https://w3id.org/openim/ontology/E-35#client_entity_id,object_property,E-35.client_entity_id,,,no,0,relationship-duplicate-dropped,"duplicates the relation verb 'for_party' (https://w3id.org/openim/ontology/for-party), which already draws E-35 to E-01 as https://w3id.org/openim/ontology/playground/for-party_E-35_E-01; the column keeps its canonical IRI without a domain or range"
https://w3id.org/openim/ontology/E-36#administrator_entity_id,object_property,E-36.administrator_entity_id,,,no,0,relationship-duplicate-dropped,"duplicates the relation verb 'administered_by' (https://w3id.org/openim/ontology/administered-by), which already draws E-36 to E-01 as https://w3id.org/openim/ontology/administered-by; the column keeps its canonical IRI without a domain or range"
https://w3id.org/openim/ontology/E-37#metric_definition_id,object_property,E-37.metric_definition_id,,,no,0,relationship-duplicate-dropped,"duplicates the relation verb 'computed_per_metric' (https://w3id.org/openim/ontology/computed-per-metric), which already draws E-37 to E-22 as https://w3id.org/openim/ontology/playground/computed-per-metric_E-37_E-22; the column keeps its canonical IRI without a domain or range"
https://w3id.org/openim/ontology/E-38#rating_methodology_id,object_property,E-38.rating_methodology_id,,,no,0,relationship-duplicate-dropped,"duplicates the relation verb 'computed_per_metric' (https://w3id.org/openim/ontology/computed-per-metric), which already draws E-38 to E-22 as https://w3id.org/openim/ontology/playground/computed-per-metric_E-38_E-22; the column keeps its canonical IRI without a domain or range"
https://w3id.org/openim/ontology/FO-01#asset_class,object_property,FO-01.asset_class,,,no,0,relationship-duplicate-dropped,"duplicates the relation verb 'classified_as_asset_class' (https://w3id.org/openim/ontology/classified-as-asset-class), which already draws FO-01 to E-09 as https://w3id.org/openim/ontology/playground/classified-as-asset-class_FO-01_E-09; the column keeps its canonical IRI without a domain or range"
https://w3id.org/openim/ontology/FO-01#manager_entity_id,object_property,FO-01.manager_entity_id,,,no,0,relationship-duplicate-dropped,"duplicates the relation verb 'managed_by' (https://w3id.org/openim/ontology/managed-by), which already draws FO-01 to E-01 as https://w3id.org/openim/ontology/playground/managed-by_FO-01_E-01; the column keeps its canonical IRI without a domain or range"
https://w3id.org/openim/ontology/FO-02#asset_class,object_property,FO-02.asset_class,,,no,0,relationship-duplicate-dropped,"duplicates the relation verb 'classified_as_asset_class' (https://w3id.org/openim/ontology/classified-as-asset-class), which already draws FO-02 to E-09 as https://w3id.org/openim/ontology/playground/classified-as-asset-class_FO-02_E-09; the column keeps its canonical IRI without a domain or range"
https://w3id.org/openim/ontology/FO-02#fund_product_id,object_property,FO-02.fund_product_id,,,no,0,relationship-duplicate-dropped,"duplicates the relation verb 'belongs_to_fund_product' (https://w3id.org/openim/ontology/belongs-to-fund-product), which already draws FO-02 to FO-01 as https://w3id.org/openim/ontology/playground/belongs-to-fund-product_FO-02_FO-01; the column keeps its canonical IRI without a domain or range"
https://w3id.org/openim/ontology/FO-03#investor_entity_id,object_property,FO-03.investor_entity_id,,,no,0,relationship-duplicate-dropped,"duplicates the relation verb 'has_investor' (https://w3id.org/openim/ontology/has-investor), which already draws FO-03 to E-01 as https://w3id.org/openim/ontology/playground/has-investor_FO-03_E-01; the column keeps its canonical IRI without a domain or range"
https://w3id.org/openim/ontology/FO-03#share_class_id,object_property,FO-03.share_class_id,,,no,0,relationship-duplicate-dropped,"duplicates the relation verb 'of_share_class' (https://w3id.org/openim/ontology/of-share-class), which already draws FO-03 to FO-02 as https://w3id.org/openim/ontology/playground/of-share-class_FO-03_FO-02; the column keeps its canonical IRI without a domain or range"
https://w3id.org/openim/ontology/FO-04#investor_entity_id,object_property,FO-04.investor_entity_id,,,no,0,relationship-duplicate-dropped,"duplicates the relation verb 'has_investor' (https://w3id.org/openim/ontology/has-investor), which already draws FO-04 to E-01 as https://w3id.org/openim/ontology/playground/has-investor_FO-04_E-01; the column keeps its canonical IRI without a domain or range"
https://w3id.org/openim/ontology/FO-04#share_class_id,object_property,FO-04.share_class_id,,,no,0,relationship-duplicate-dropped,"duplicates the relation verb 'of_share_class' (https://w3id.org/openim/ontology/of-share-class), which already draws FO-04 to FO-02 as https://w3id.org/openim/ontology/playground/of-share-class_FO-04_FO-02; the column keeps its canonical IRI without a domain or range"
https://w3id.org/openim/ontology/FO-04#unitholding_id,object_property,FO-04.unitholding_id,,,no,0,relationship-duplicate-dropped,"duplicates the relation verb 'on_unitholding' (https://w3id.org/openim/ontology/on-unitholding), which already draws FO-04 to FO-03 as https://w3id.org/openim/ontology/playground/on-unitholding_FO-04_FO-03; the column keeps its canonical IRI without a domain or range"
https://w3id.org/openim/ontology/FO-05#share_class_id,object_property,FO-05.share_class_id,,,no,0,relationship-duplicate-dropped,"duplicates the relation verb 'of_share_class' (https://w3id.org/openim/ontology/of-share-class), which already draws FO-05 to FO-02 as https://w3id.org/openim/ontology/playground/of-share-class_FO-05_FO-02; the column keeps its canonical IRI without a domain or range"
https://w3id.org/openim/ontology/FO-06#asset_class,object_property,FO-06.asset_class,,,no,0,relationship-duplicate-dropped,"duplicates the relation verb 'classified_as_asset_class' (https://w3id.org/openim/ontology/classified-as-asset-class), which already draws FO-06 to E-09 as https://w3id.org/openim/ontology/playground/classified-as-asset-class_FO-06_E-09; the column keeps its canonical IRI without a domain or range"
https://w3id.org/openim/ontology/FO-06#fund_product_id,object_property,FO-06.fund_product_id,,,no,0,relationship-duplicate-dropped,"duplicates the relation verb 'belongs_to_fund_product' (https://w3id.org/openim/ontology/belongs-to-fund-product), which already draws FO-06 to FO-01 as https://w3id.org/openim/ontology/playground/belongs-to-fund-product_FO-06_FO-01; the column keeps its canonical IRI without a domain or range"
https://w3id.org/openim/ontology/FO-06#share_class_id,object_property,FO-06.share_class_id,,,no,0,relationship-duplicate-dropped,"duplicates the relation verb 'of_share_class' (https://w3id.org/openim/ontology/of-share-class), which already draws FO-06 to FO-02 as https://w3id.org/openim/ontology/playground/of-share-class_FO-06_FO-02; the column keeps its canonical IRI without a domain or range"
https://w3id.org/openim/ontology/FO-07#fund_product_id,object_property,FO-07.fund_product_id,,,no,0,relationship-duplicate-dropped,"duplicates the relation verb 'belongs_to_fund_product' (https://w3id.org/openim/ontology/belongs-to-fund-product), which already draws FO-07 to FO-01 as https://w3id.org/openim/ontology/playground/belongs-to-fund-product_FO-07_FO-01; the column keeps its canonical IRI without a domain or range"
https://w3id.org/openim/ontology/FO-07#investor_entity_id,object_property,FO-07.investor_entity_id,,,no,0,relationship-duplicate-dropped,"duplicates the relation verb 'has_investor' (https://w3id.org/openim/ontology/has-investor), which already draws FO-07 to E-01 as https://w3id.org/openim/ontology/playground/has-investor_FO-07_E-01; the column keeps its canonical IRI without a domain or range"
https://w3id.org/openim/ontology/FO-07#unitholding_id,object_property,FO-07.unitholding_id,,,no,0,relationship-duplicate-dropped,"duplicates the relation verb 'on_unitholding' (https://w3id.org/openim/ontology/on-unitholding), which already draws FO-07 to FO-03 as https://w3id.org/openim/ontology/playground/on-unitholding_FO-07_FO-03; the column keeps its canonical IRI without a domain or range"
https://w3id.org/openim/ontology/FO-08#delegates_to_entity_id,object_property,FO-08.delegates_to_entity_id,,,no,0,relationship-duplicate-dropped,"duplicates the relation verb 'delegates_to' (https://w3id.org/openim/ontology/delegates-to), which already draws FO-08 to E-01 as https://w3id.org/openim/ontology/delegates-to; the column keeps its canonical IRI without a domain or range"
https://w3id.org/openim/ontology/FO-08#fund_product_id,object_property,FO-08.fund_product_id,,,no,0,relationship-duplicate-dropped,"duplicates the relation verb 'belongs_to_fund_product' (https://w3id.org/openim/ontology/belongs-to-fund-product), which already draws FO-08 to FO-01 as https://w3id.org/openim/ontology/playground/belongs-to-fund-product_FO-08_FO-01; the column keeps its canonical IRI without a domain or range"
https://w3id.org/openim/ontology/FO-08#provider_entity_id,object_property,FO-08.provider_entity_id,,,no,0,relationship-duplicate-dropped,"duplicates the relation verb 'provided_by' (https://w3id.org/openim/ontology/provided-by), which already draws FO-08 to E-01 as https://w3id.org/openim/ontology/provided-by; the column keeps its canonical IRI without a domain or range"
https://w3id.org/openim/ontology/FO-09#fund_product_id,object_property,FO-09.fund_product_id,,,no,0,relationship-duplicate-dropped,"duplicates the relation verb 'belongs_to_fund_product' (https://w3id.org/openim/ontology/belongs-to-fund-product), which already draws FO-09 to FO-01 as https://w3id.org/openim/ontology/playground/belongs-to-fund-product_FO-09_FO-01; the column keeps its canonical IRI without a domain or range"
https://w3id.org/openim/ontology/FO-09#intermediary_entity_id,object_property,FO-09.intermediary_entity_id,,,no,0,relationship-duplicate-dropped,"duplicates the relation verb 'via_intermediary' (https://w3id.org/openim/ontology/via-intermediary), which already draws FO-09 to E-01 as https://w3id.org/openim/ontology/via-intermediary; the column keeps its canonical IRI without a domain or range"
https://w3id.org/openim/ontology/FO-09#share_class_id,object_property,FO-09.share_class_id,,,no,0,relationship-duplicate-dropped,"duplicates the relation verb 'of_share_class' (https://w3id.org/openim/ontology/of-share-class), which already draws FO-09 to FO-02 as https://w3id.org/openim/ontology/playground/of-share-class_FO-09_FO-02; the column keeps its canonical IRI without a domain or range"
https://w3id.org/openim/ontology/FO-10#ap_agreement_id,object_property,FO-10.ap_agreement_id,,,no,0,relationship-duplicate-dropped,"duplicates the relation verb 'under_ap_agreement' (https://w3id.org/openim/ontology/under-ap-agreement), which already draws FO-10 to FO-12 as https://w3id.org/openim/ontology/under-ap-agreement; the column keeps its canonical IRI without a domain or range"
https://w3id.org/openim/ontology/FO-10#ap_entity_id,object_property,FO-10.ap_entity_id,,,no,0,relationship-duplicate-dropped,"duplicates the relation verb 'has_authorised_participant' (https://w3id.org/openim/ontology/has-authorised-participant), which already draws FO-10 to E-01 as https://w3id.org/openim/ontology/playground/has-authorised-participant_FO-10_E-01; the column keeps its canonical IRI without a domain or range"
https://w3id.org/openim/ontology/FO-10#basket_id,object_property,FO-10.basket_id,,,no,0,relationship-duplicate-dropped,"duplicates the relation verb 'uses_basket' (https://w3id.org/openim/ontology/uses-basket), which already draws FO-10 to FO-11 as https://w3id.org/openim/ontology/uses-basket; the column keeps its canonical IRI without a domain or range"
https://w3id.org/openim/ontology/FO-10#share_class_id,object_property,FO-10.share_class_id,,,no,0,relationship-duplicate-dropped,"duplicates the relation verb 'of_share_class' (https://w3id.org/openim/ontology/of-share-class), which already draws FO-10 to FO-02 as https://w3id.org/openim/ontology/playground/of-share-class_FO-10_FO-02; the column keeps its canonical IRI without a domain or range"
https://w3id.org/openim/ontology/FO-11#ap_entity_id,object_property,FO-11.ap_entity_id,,,no,0,relationship-duplicate-dropped,"duplicates the relation verb 'has_authorised_participant' (https://w3id.org/openim/ontology/has-authorised-participant), which already draws FO-11 to E-01 as https://w3id.org/openim/ontology/playground/has-authorised-participant_FO-11_E-01; the column keeps its canonical IRI without a domain or range"
https://w3id.org/openim/ontology/FO-11#fund_product_id,object_property,FO-11.fund_product_id,,,no,0,relationship-duplicate-dropped,"duplicates the relation verb 'belongs_to_fund_product' (https://w3id.org/openim/ontology/belongs-to-fund-product), which already draws FO-11 to FO-01 as https://w3id.org/openim/ontology/playground/belongs-to-fund-product_FO-11_FO-01; the column keeps its canonical IRI without a domain or range"
https://w3id.org/openim/ontology/FO-11#instrument_id,object_property,FO-11.instrument_id,,,no,0,relationship-duplicate-dropped,"duplicates the relation verb 'on_instrument' (https://w3id.org/openim/ontology/on-instrument), which already draws FO-11 to E-02 as https://w3id.org/openim/ontology/playground/on-instrument_FO-11_E-02; the column keeps its canonical IRI without a domain or range"
https://w3id.org/openim/ontology/FO-11#share_class_id,object_property,FO-11.share_class_id,,,no,0,relationship-duplicate-dropped,"duplicates the relation verb 'of_share_class' (https://w3id.org/openim/ontology/of-share-class), which already draws FO-11 to FO-02 as https://w3id.org/openim/ontology/playground/of-share-class_FO-11_FO-02; the column keeps its canonical IRI without a domain or range"
https://w3id.org/openim/ontology/FO-12#ap_entity_id,object_property,FO-12.ap_entity_id,,,no,0,relationship-duplicate-dropped,"duplicates the relation verb 'has_authorised_participant' (https://w3id.org/openim/ontology/has-authorised-participant), which already draws FO-12 to E-01 as https://w3id.org/openim/ontology/playground/has-authorised-participant_FO-12_E-01; the column keeps its canonical IRI without a domain or range"
https://w3id.org/openim/ontology/FO-12#fund_product_id,object_property,FO-12.fund_product_id,,,no,0,relationship-duplicate-dropped,"duplicates the relation verb 'belongs_to_fund_product' (https://w3id.org/openim/ontology/belongs-to-fund-product), which already draws FO-12 to FO-01 as https://w3id.org/openim/ontology/playground/belongs-to-fund-product_FO-12_FO-01; the column keeps its canonical IRI without a domain or range"
https://w3id.org/openim/ontology/PB-01#gics_sector,object_property,PB-01.gics_sector,,,no,0,relationship-duplicate-dropped,"duplicates the relation verb 'classified_as' (https://w3id.org/openim/ontology/classified-as), which already draws PB-01 to E-11 as https://w3id.org/openim/ontology/playground/classified-as_PB-01_E-11; the column keeps its canonical IRI without a domain or range"
https://w3id.org/openim/ontology/PB-01#instrument_id,object_property,PB-01.instrument_id,,,no,0,relationship-duplicate-dropped,"duplicates the relation verb 'on_instrument' (https://w3id.org/openim/ontology/on-instrument), which already draws PB-01 to E-02 as https://w3id.org/openim/ontology/playground/on-instrument_PB-01_E-02; the column keeps its canonical IRI without a domain or range"
https://w3id.org/openim/ontology/PB-01#issuer_entity_id,object_property,PB-01.issuer_entity_id,,,no,0,relationship-duplicate-dropped,"duplicates the relation verb 'issued_by' (https://w3id.org/openim/ontology/issued-by), which already draws PB-01 to E-01 as https://w3id.org/openim/ontology/playground/issued-by_PB-01_E-01; the column keeps its canonical IRI without a domain or range"
https://w3id.org/openim/ontology/PB-02#credit_rating,object_property,PB-02.credit_rating,,,no,0,relationship-duplicate-dropped,"duplicates the relation verb 'classified_as' (https://w3id.org/openim/ontology/classified-as), which already draws PB-02 to E-11 as https://w3id.org/openim/ontology/playground/classified-as_PB-02_E-11; the column keeps its canonical IRI without a domain or range"
https://w3id.org/openim/ontology/PB-02#instrument_id,object_property,PB-02.instrument_id,,,no,0,relationship-duplicate-dropped,"duplicates the relation verb 'on_instrument' (https://w3id.org/openim/ontology/on-instrument), which already draws PB-02 to E-02 as https://w3id.org/openim/ontology/playground/on-instrument_PB-02_E-02; the column keeps its canonical IRI without a domain or range"
https://w3id.org/openim/ontology/PB-02#issuer_entity_id,object_property,PB-02.issuer_entity_id,,,no,0,relationship-duplicate-dropped,"duplicates the relation verb 'issued_by' (https://w3id.org/openim/ontology/issued-by), which already draws PB-02 to E-01 as https://w3id.org/openim/ontology/playground/issued-by_PB-02_E-01; the column keeps its canonical IRI without a domain or range"
https://w3id.org/openim/ontology/PB-03#broker_entity_id,object_property,PB-03.broker_entity_id,,,no,0,relationship-duplicate-dropped,"duplicates the relation verb 'via_broker' (https://w3id.org/openim/ontology/via-broker), which already draws PB-03 to E-01 as https://w3id.org/openim/ontology/playground/via-broker_PB-03_E-01; the column keeps its canonical IRI without a domain or range"
https://w3id.org/openim/ontology/PB-03#instrument_id,object_property,PB-03.instrument_id,,,no,0,relationship-duplicate-dropped,"duplicates the relation verb 'on_instrument' (https://w3id.org/openim/ontology/on-instrument), which already draws PB-03 to E-02 as https://w3id.org/openim/ontology/playground/on-instrument_PB-03_E-02; the column keeps its canonical IRI without a domain or range"
https://w3id.org/openim/ontology/PB-03#portfolio_id,object_property,PB-03.portfolio_id,,,no,0,relationship-duplicate-dropped,"duplicates the relation verb 'in_portfolio' (https://w3id.org/openim/ontology/in-portfolio), which already draws PB-03 to E-03 as https://w3id.org/openim/ontology/playground/in-portfolio_PB-03_E-03; the column keeps its canonical IRI without a domain or range"
https://w3id.org/openim/ontology/PB-03#transaction_id,object_property,PB-03.transaction_id,,,no,0,relationship-duplicate-dropped,"duplicates the relation verb 'booked_as' (https://w3id.org/openim/ontology/booked-as), which already draws PB-03 to E-05 as https://w3id.org/openim/ontology/booked-as; the column keeps its canonical IRI without a domain or range"
https://w3id.org/openim/ontology/PB-04#broker_entity_id,object_property,PB-04.broker_entity_id,,,no,0,relationship-duplicate-dropped,"duplicates the relation verb 'via_broker' (https://w3id.org/openim/ontology/via-broker), which already draws PB-04 to E-01 as https://w3id.org/openim/ontology/playground/via-broker_PB-04_E-01; the column keeps its canonical IRI without a domain or range"
https://w3id.org/openim/ontology/PB-04#instrument_id,object_property,PB-04.instrument_id,,,no,0,relationship-duplicate-dropped,"duplicates the relation verb 'on_instrument' (https://w3id.org/openim/ontology/on-instrument), which already draws PB-04 to E-02 as https://w3id.org/openim/ontology/playground/on-instrument_PB-04_E-02; the column keeps its canonical IRI without a domain or range"
https://w3id.org/openim/ontology/PB-04#order_id,object_property,PB-04.order_id,,,no,0,relationship-duplicate-dropped,"duplicates the relation verb 'for_order' (https://w3id.org/openim/ontology/for-order), which already draws PB-04 to PB-03 as https://w3id.org/openim/ontology/playground/for-order_PB-04_PB-03; the column keeps its canonical IRI without a domain or range"
https://w3id.org/openim/ontology/PB-05#custodian_entity_id,object_property,PB-05.custodian_entity_id,,,no,0,relationship-duplicate-dropped,"duplicates the relation verb 'has_custodian' (https://w3id.org/openim/ontology/has-custodian), which already draws PB-05 to E-01 as https://w3id.org/openim/ontology/playground/has-custodian_PB-05_E-01; the column keeps its canonical IRI without a domain or range"
https://w3id.org/openim/ontology/PB-05#instrument_id,object_property,PB-05.instrument_id,,,no,0,relationship-duplicate-dropped,"duplicates the relation verb 'on_instrument' (https://w3id.org/openim/ontology/on-instrument), which already draws PB-05 to E-02 as https://w3id.org/openim/ontology/playground/on-instrument_PB-05_E-02; the column keeps its canonical IRI without a domain or range"
https://w3id.org/openim/ontology/PB-05#order_id,object_property,PB-05.order_id,,,no,0,relationship-duplicate-dropped,"duplicates the relation verb 'for_order' (https://w3id.org/openim/ontology/for-order), which already draws PB-05 to PB-03 as https://w3id.org/openim/ontology/playground/for-order_PB-05_PB-03; the column keeps its canonical IRI without a domain or range"
https://w3id.org/openim/ontology/PB-05#portfolio_id,object_property,PB-05.portfolio_id,,,no,0,relationship-duplicate-dropped,"duplicates the relation verb 'in_portfolio' (https://w3id.org/openim/ontology/in-portfolio), which already draws PB-05 to E-03 as https://w3id.org/openim/ontology/playground/in-portfolio_PB-05_E-03; the column keeps its canonical IRI without a domain or range"
https://w3id.org/openim/ontology/PB-06#allocation_id,object_property,PB-06.allocation_id,,,no,0,relationship-duplicate-dropped,"duplicates the relation verb 'for_allocation' (https://w3id.org/openim/ontology/for-allocation), which already draws PB-06 to PB-05 as https://w3id.org/openim/ontology/for-allocation; the column keeps its canonical IRI without a domain or range"
https://w3id.org/openim/ontology/PB-06#counterparty_entity_id,object_property,PB-06.counterparty_entity_id,,,no,0,relationship-duplicate-dropped,"duplicates the relation verb 'has_counterparty' (https://w3id.org/openim/ontology/has-counterparty), which already draws PB-06 to E-01 as https://w3id.org/openim/ontology/playground/has-counterparty_PB-06_E-01; the column keeps its canonical IRI without a domain or range"
https://w3id.org/openim/ontology/PB-06#custodian_entity_id,object_property,PB-06.custodian_entity_id,,,no,0,relationship-duplicate-dropped,"duplicates the relation verb 'has_custodian' (https://w3id.org/openim/ontology/has-custodian), which already draws PB-06 to E-01 as https://w3id.org/openim/ontology/playground/has-custodian_PB-06_E-01; the column keeps its canonical IRI without a domain or range"
https://w3id.org/openim/ontology/PB-06#instrument_id,object_property,PB-06.instrument_id,,,no,0,relationship-duplicate-dropped,"duplicates the relation verb 'on_instrument' (https://w3id.org/openim/ontology/on-instrument), which already draws PB-06 to E-02 as https://w3id.org/openim/ontology/playground/on-instrument_PB-06_E-02; the column keeps its canonical IRI without a domain or range"
https://w3id.org/openim/ontology/PB-06#portfolio_id,object_property,PB-06.portfolio_id,,,no,0,relationship-duplicate-dropped,"duplicates the relation verb 'in_portfolio' (https://w3id.org/openim/ontology/in-portfolio), which already draws PB-06 to E-03 as https://w3id.org/openim/ontology/playground/in-portfolio_PB-06_E-03; the column keeps its canonical IRI without a domain or range"
https://w3id.org/openim/ontology/PB-07#instrument_id,object_property,PB-07.instrument_id,,,no,0,relationship-duplicate-dropped,"duplicates the relation verb 'on_instrument' (https://w3id.org/openim/ontology/on-instrument), which already draws PB-07 to E-02 as https://w3id.org/openim/ontology/playground/on-instrument_PB-07_E-02; the column keeps its canonical IRI without a domain or range"
https://w3id.org/openim/ontology/PB-07#resulting_instrument_id,object_property,PB-07.resulting_instrument_id,,,no,0,relationship-duplicate-dropped,"duplicates the relation verb 'results_in_instrument' (https://w3id.org/openim/ontology/results-in-instrument), which already draws PB-07 to E-02 as https://w3id.org/openim/ontology/results-in-instrument; the column keeps its canonical IRI without a domain or range"
https://w3id.org/openim/ontology/PB-07#transaction_id,object_property,PB-07.transaction_id,,,no,0,relationship-duplicate-dropped,"duplicates the relation verb 'from_transaction' (https://w3id.org/openim/ontology/from-transaction), which already draws PB-07 to E-05 as https://w3id.org/openim/ontology/playground/from-transaction_PB-07_E-05; the column keeps its canonical IRI without a domain or range"
https://w3id.org/openim/ontology/PB-08#instrument_id,object_property,PB-08.instrument_id,,,no,0,relationship-duplicate-dropped,"duplicates the relation verb 'on_instrument' (https://w3id.org/openim/ontology/on-instrument), which already draws PB-08 to E-02 as https://w3id.org/openim/ontology/playground/on-instrument_PB-08_E-02; the column keeps its canonical IRI without a domain or range"
https://w3id.org/openim/ontology/PB-09#benchmark_id,object_property,PB-09.benchmark_id,,,no,0,relationship-duplicate-dropped,"duplicates the relation verb 'constituent_of' (https://w3id.org/openim/ontology/constituent-of), which already draws PB-09 to E-10 as https://w3id.org/openim/ontology/constituent-of; the column keeps its canonical IRI without a domain or range"
https://w3id.org/openim/ontology/PB-09#instrument_id,object_property,PB-09.instrument_id,,,no,0,relationship-duplicate-dropped,"duplicates the relation verb 'on_instrument' (https://w3id.org/openim/ontology/on-instrument), which already draws PB-09 to E-02 as https://w3id.org/openim/ontology/playground/on-instrument_PB-09_E-02; the column keeps its canonical IRI without a domain or range"
https://w3id.org/openim/ontology/PB-10#borrower_entity_id,object_property,PB-10.borrower_entity_id,,,no,0,relationship-duplicate-dropped,"duplicates the relation verb 'has_borrower' (https://w3id.org/openim/ontology/has-borrower), which already draws PB-10 to E-01 as https://w3id.org/openim/ontology/playground/has-borrower_PB-10_E-01; the column keeps its canonical IRI without a domain or range"
https://w3id.org/openim/ontology/PB-10#collateral_position_id,object_property,PB-10.collateral_position_id,,,no,0,relationship-duplicate-dropped,"duplicates the relation verb 'collateralised_by' (https://w3id.org/openim/ontology/collateralised-by), which already draws PB-10 to E-26 as https://w3id.org/openim/ontology/collateralised-by; the column keeps its canonical IRI without a domain or range"
https://w3id.org/openim/ontology/PB-10#instrument_id,object_property,PB-10.instrument_id,,,no,0,relationship-duplicate-dropped,"duplicates the relation verb 'on_instrument' (https://w3id.org/openim/ontology/on-instrument), which already draws PB-10 to E-02 as https://w3id.org/openim/ontology/playground/on-instrument_PB-10_E-02; the column keeps its canonical IRI without a domain or range"
https://w3id.org/openim/ontology/PB-10#position_id,object_property,PB-10.position_id,,,no,0,relationship-duplicate-dropped,"duplicates the relation verb 'lends_position' (https://w3id.org/openim/ontology/lends-position), which already draws PB-10 to E-04 as https://w3id.org/openim/ontology/lends-position; the column keeps its canonical IRI without a domain or range"
https://w3id.org/openim/ontology/PB-11#meeting_id,object_property,PB-11.meeting_id,,,no,0,relationship-duplicate-dropped,"duplicates the relation verb 'at_meeting' (https://w3id.org/openim/ontology/at-meeting), which already draws PB-11 to PB-07 as https://w3id.org/openim/ontology/at-meeting; the column keeps its canonical IRI without a domain or range"
https://w3id.org/openim/ontology/PB-11#portfolio_id,object_property,PB-11.portfolio_id,,,no,0,relationship-duplicate-dropped,"duplicates the relation verb 'in_portfolio' (https://w3id.org/openim/ontology/in-portfolio), which already draws PB-11 to E-03 as https://w3id.org/openim/ontology/playground/in-portfolio_PB-11_E-03; the column keeps its canonical IRI without a domain or range"
https://w3id.org/openim/ontology/PM-01#administrator_id,object_property,PM-01.administrator_id,,,no,0,relationship-duplicate-dropped,"duplicates the relation verb 'has_fund_administrator' (https://w3id.org/openim/ontology/has-fund-administrator), which already draws PM-01 to PM-03 as https://w3id.org/openim/ontology/has-fund-administrator; the column keeps its canonical IRI without a domain or range"
https://w3id.org/openim/ontology/PM-01#asset_class,object_property,PM-01.asset_class,,,no,0,relationship-duplicate-dropped,"duplicates the relation verb 'classified_as_asset_class' (https://w3id.org/openim/ontology/classified-as-asset-class), which already draws PM-01 to E-09 as https://w3id.org/openim/ontology/playground/classified-as-asset-class_PM-01_E-09; the column keeps its canonical IRI without a domain or range"
https://w3id.org/openim/ontology/PM-01#gp_id,object_property,PM-01.gp_id,,,no,0,relationship-duplicate-dropped,"duplicates the relation verb 'managed_by_gp' (https://w3id.org/openim/ontology/managed-by-gp), which already draws PM-01 to PM-02 as https://w3id.org/openim/ontology/managed-by-gp; the column keeps its canonical IRI without a domain or range"
https://w3id.org/openim/ontology/PM-05#investment_id,object_property,PM-05.investment_id,,,no,0,relationship-duplicate-dropped,"duplicates the relation verb 'for_investment' (https://w3id.org/openim/ontology/for-investment), which already draws PM-05 to PM-09 as https://w3id.org/openim/ontology/for-investment; the column keeps its canonical IRI without a domain or range"
https://w3id.org/openim/ontology/PM-06#fund_id,object_property,PM-06.fund_id,,,no,0,relationship-duplicate-dropped,"duplicates the relation verb 'of_fund' (https://w3id.org/openim/ontology/of-fund), which already draws PM-06 to PM-01 as https://w3id.org/openim/ontology/playground/of-fund_PM-06_PM-01; the column keeps its canonical IRI without a domain or range"
https://w3id.org/openim/ontology/PM-06#lp_entity_id,object_property,PM-06.lp_entity_id,,,no,0,relationship-duplicate-dropped,"duplicates the relation verb 'has_investor' (https://w3id.org/openim/ontology/has-investor), which already draws PM-06 to E-01 as https://w3id.org/openim/ontology/playground/has-investor_PM-06_E-01; the column keeps its canonical IRI without a domain or range"
https://w3id.org/openim/ontology/PM-07#commitment_id,object_property,PM-07.commitment_id,,,no,0,relationship-duplicate-dropped,"duplicates the relation verb 'against_commitment' (https://w3id.org/openim/ontology/against-commitment), which already draws PM-07 to PM-06 as https://w3id.org/openim/ontology/playground/against-commitment_PM-07_PM-06; the column keeps its canonical IRI without a domain or range"
https://w3id.org/openim/ontology/PM-07#fund_id,object_property,PM-07.fund_id,,,no,0,relationship-duplicate-dropped,"duplicates the relation verb 'of_fund' (https://w3id.org/openim/ontology/of-fund), which already draws PM-07 to PM-01 as https://w3id.org/openim/ontology/playground/of-fund_PM-07_PM-01; the column keeps its canonical IRI without a domain or range"
https://w3id.org/openim/ontology/PM-08#commitment_id,object_property,PM-08.commitment_id,,,no,0,relationship-duplicate-dropped,"duplicates the relation verb 'against_commitment' (https://w3id.org/openim/ontology/against-commitment), which already draws PM-08 to PM-06 as https://w3id.org/openim/ontology/playground/against-commitment_PM-08_PM-06; the column keeps its canonical IRI without a domain or range"
https://w3id.org/openim/ontology/PM-08#fund_id,object_property,PM-08.fund_id,,,no,0,relationship-duplicate-dropped,"duplicates the relation verb 'of_fund' (https://w3id.org/openim/ontology/of-fund), which already draws PM-08 to PM-01 as https://w3id.org/openim/ontology/playground/of-fund_PM-08_PM-01; the column keeps its canonical IRI without a domain or range"
https://w3id.org/openim/ontology/PM-09#fund_id,object_property,PM-09.fund_id,,,no,0,relationship-duplicate-dropped,"duplicates the relation verb 'of_fund' (https://w3id.org/openim/ontology/of-fund), which already draws PM-09 to PM-01 as https://w3id.org/openim/ontology/playground/of-fund_PM-09_PM-01; the column keeps its canonical IRI without a domain or range"
https://w3id.org/openim/ontology/PM-10#fund_id,object_property,PM-10.fund_id,,,no,0,relationship-duplicate-dropped,"duplicates the relation verb 'of_fund' (https://w3id.org/openim/ontology/of-fund), which already draws PM-10 to PM-01 as https://w3id.org/openim/ontology/playground/of-fund_PM-10_PM-01; the column keeps its canonical IRI without a domain or range"
https://w3id.org/openim/ontology/PM-11#predecessor_gp_id,object_property,PM-11.predecessor_gp_id,,,no,0,relationship-duplicate-dropped,"duplicates the relation verb 'has_predecessor_gp' (https://w3id.org/openim/ontology/has-predecessor-gp), which already draws PM-11 to PM-02 as https://w3id.org/openim/ontology/has-predecessor-gp; the column keeps its canonical IRI without a domain or range"
https://w3id.org/openim/ontology/PM-11#successor_gp_id,object_property,PM-11.successor_gp_id,,,no,0,relationship-duplicate-dropped,"duplicates the relation verb 'has_successor_gp' (https://w3id.org/openim/ontology/has-successor-gp), which already draws PM-11 to PM-02 as https://w3id.org/openim/ontology/has-successor-gp; the column keeps its canonical IRI without a domain or range"
https://w3id.org/openim/ontology/PM-12#asset_class,object_property,PM-12.asset_class,,,no,0,relationship-duplicate-dropped,"duplicates the relation verb 'classified_as_asset_class' (https://w3id.org/openim/ontology/classified-as-asset-class), which already draws PM-12 to E-09 as https://w3id.org/openim/ontology/playground/classified-as-asset-class_PM-12_E-09; the column keeps its canonical IRI without a domain or range"
https://w3id.org/openim/ontology/PM-12#benchmark_id,object_property,PM-12.benchmark_id,,,no,0,relationship-duplicate-dropped,"duplicates the relation verb 'references_benchmark' (https://w3id.org/openim/ontology/references-benchmark), which already draws PM-12 to E-10 as https://w3id.org/openim/ontology/references-benchmark; the column keeps its canonical IRI without a domain or range"
https://w3id.org/openim/ontology/PM-12#fund_id,object_property,PM-12.fund_id,,,no,0,relationship-duplicate-dropped,"duplicates the relation verb 'of_fund' (https://w3id.org/openim/ontology/of-fund), which already draws PM-12 to PM-01 as https://w3id.org/openim/ontology/playground/of-fund_PM-12_PM-01; the column keeps its canonical IRI without a domain or range"
https://w3id.org/openim/ontology/PM-13#fund_id,object_property,PM-13.fund_id,,,no,0,relationship-duplicate-dropped,"duplicates the relation verb 'of_fund' (https://w3id.org/openim/ontology/of-fund), which already draws PM-13 to PM-01 as https://w3id.org/openim/ontology/playground/of-fund_PM-13_PM-01; the column keeps its canonical IRI without a domain or range"
https://w3id.org/openim/ontology/PM-13#investor_entity_id,object_property,PM-13.investor_entity_id,,,no,0,relationship-duplicate-dropped,"duplicates the relation verb 'has_investor' (https://w3id.org/openim/ontology/has-investor), which already draws PM-13 to E-01 as https://w3id.org/openim/ontology/playground/has-investor_PM-13_E-01; the column keeps its canonical IRI without a domain or range"
https://w3id.org/openim/ontology/PM-14#borrower_entity_id,object_property,PM-14.borrower_entity_id,,,no,0,relationship-duplicate-dropped,"duplicates the relation verb 'has_borrower' (https://w3id.org/openim/ontology/has-borrower), which already draws PM-14 to E-01 as https://w3id.org/openim/ontology/playground/has-borrower_PM-14_E-01; the column keeps its canonical IRI without a domain or range"
https://w3id.org/openim/ontology/PM-14#direct_loan_id,object_property,PM-14.direct_loan_id,,,no,0,relationship-duplicate-dropped,"duplicates the relation verb 'on_instrument' (https://w3id.org/openim/ontology/on-instrument), which already draws PM-14 to E-02 as https://w3id.org/openim/ontology/playground/on-instrument_PM-14_E-02; the column keeps its canonical IRI without a domain or range"
https://w3id.org/openim/ontology/PM-14#originator_entity_id,object_property,PM-14.originator_entity_id,,,no,0,relationship-duplicate-dropped,"duplicates the relation verb 'originated_by' (https://w3id.org/openim/ontology/originated-by), which already draws PM-14 to E-01 as https://w3id.org/openim/ontology/originated-by; the column keeps its canonical IRI without a domain or range"
https://w3id.org/openim/ontology/PM-15#target_entity_id,object_property,PM-15.target_entity_id,,,no,0,relationship-duplicate-dropped,"duplicates the relation verb 'has_target_party' (https://w3id.org/openim/ontology/has-target-party), which already draws PM-15 to E-01 as https://w3id.org/openim/ontology/has-target-party; the column keeps its canonical IRI without a domain or range"
https://w3id.org/openim/ontology/RA-01#holding_vehicle_id,object_property,RA-01.holding_vehicle_id,,,no,0,relationship-duplicate-dropped,"duplicates the relation verb 'held_through_vehicle' (https://w3id.org/openim/ontology/held-through-vehicle), which already draws RA-01 to PM-05 as https://w3id.org/openim/ontology/held-through-vehicle; the column keeps its canonical IRI without a domain or range"
https://w3id.org/openim/ontology/RA-02#real_asset_id,object_property,RA-02.real_asset_id,,,no,0,relationship-duplicate-dropped,"duplicates the relation verb 'on_real_asset' (https://w3id.org/openim/ontology/on-real-asset), which already draws RA-02 to RA-01 as https://w3id.org/openim/ontology/playground/on-real-asset_RA-02_RA-01; the column keeps its canonical IRI without a domain or range"
https://w3id.org/openim/ontology/RA-03#real_asset_id,object_property,RA-03.real_asset_id,,,no,0,relationship-duplicate-dropped,"duplicates the relation verb 'on_real_asset' (https://w3id.org/openim/ontology/on-real-asset), which already draws RA-03 to RA-01 as https://w3id.org/openim/ontology/playground/on-real-asset_RA-03_RA-01; the column keeps its canonical IRI without a domain or range"
https://w3id.org/openim/ontology/RA-03#tenant_entity_id,object_property,RA-03.tenant_entity_id,,,no,0,relationship-duplicate-dropped,"duplicates the relation verb 'has_tenant' (https://w3id.org/openim/ontology/has-tenant), which already draws RA-03 to E-01 as https://w3id.org/openim/ontology/has-tenant; the column keeps its canonical IRI without a domain or range"
https://w3id.org/openim/ontology/RA-04#concession_grantor_id,object_property,RA-04.concession_grantor_id,,,no,0,relationship-duplicate-dropped,"duplicates the relation verb 'has_concession_grantor' (https://w3id.org/openim/ontology/has-concession-grantor), which already draws RA-04 to E-01 as https://w3id.org/openim/ontology/has-concession-grantor; the column keeps its canonical IRI without a domain or range"
https://w3id.org/openim/ontology/RA-04#contractor_entity_id,object_property,RA-04.contractor_entity_id,,,no,0,relationship-duplicate-dropped,"duplicates the relation verb 'has_contractor' (https://w3id.org/openim/ontology/has-contractor), which already draws RA-04 to E-01 as https://w3id.org/openim/ontology/has-contractor; the column keeps its canonical IRI without a domain or range"
https://w3id.org/openim/ontology/RA-04#real_asset_id,object_property,RA-04.real_asset_id,,,no,0,relationship-duplicate-dropped,"duplicates the relation verb 'on_real_asset' (https://w3id.org/openim/ontology/on-real-asset), which already draws RA-04 to RA-01 as https://w3id.org/openim/ontology/playground/on-real-asset_RA-04_RA-01; the column keeps its canonical IRI without a domain or range"
https://w3id.org/openim/ontology/RA-05#real_asset_id,object_property,RA-05.real_asset_id,,,no,0,relationship-duplicate-dropped,"duplicates the relation verb 'on_real_asset' (https://w3id.org/openim/ontology/on-real-asset), which already draws RA-05 to RA-01 as https://w3id.org/openim/ontology/playground/on-real-asset_RA-05_RA-01; the column keeps its canonical IRI without a domain or range"
https://w3id.org/openim/ontology/RA-05#valuer_entity_id,object_property,RA-05.valuer_entity_id,,,no,0,relationship-duplicate-dropped,"duplicates the relation verb 'valued_by' (https://w3id.org/openim/ontology/valued-by), which already draws RA-05 to E-01 as https://w3id.org/openim/ontology/valued-by; the column keeps its canonical IRI without a domain or range"
https://w3id.org/openim/ontology/acquired-via,object_property,ACQUIRED_VIA,https://w3id.org/openim/ontology/acquired-via,acquired_via,yes,1,relationship-cardinality;relationship-label,label 'ACQUIRED_VIA' written as 'acquired_via'
https://w3id.org/openim/ontology/acquires,object_property,ACQUIRES,https://w3id.org/openim/ontology/acquires,acquires,yes,1,relationship-cardinality;relationship-label,label 'ACQUIRES' written as 'acquires'
https://w3id.org/openim/ontology/administered-by,object_property,ADMINISTERED_BY,https://w3id.org/openim/ontology/administered-by,administered_by,yes,1,relationship-cardinality;relationship-label,label 'ADMINISTERED_BY' written as 'administered_by'
https://w3id.org/openim/ontology/administers,object_property,ADMINISTERS,https://w3id.org/openim/ontology/administers,administers,yes,1,relationship-cardinality;relationship-label,label 'ADMINISTERS' written as 'administers'
https://w3id.org/openim/ontology/against-commitment,object_property,AGAINST_COMMITMENT,https://w3id.org/openim/ontology/playground/against-commitment_PM-07_PM-06;https://w3id.org/openim/ontology/playground/against-commitment_PM-08_PM-06,against_commitment,expanded,2,inverse-pairing;relationship-cardinality;relationship-label;union-expand,"the Playground reads one class as domain and one as range; drawn as 2 relationships, one relationship per member class pair; the verb itself is not drawn"
https://w3id.org/openim/ontology/allocation-settled-by,object_property,ALLOCATION_SETTLED_BY,https://w3id.org/openim/ontology/allocation-settled-by,allocation_settled_by,yes,1,relationship-cardinality;relationship-label,label 'ALLOCATION_SETTLED_BY' written as 'allocation_settled_by'
https://w3id.org/openim/ontology/annexed-to,object_property,ANNEXED_TO,https://w3id.org/openim/ontology/annexed-to,annexed_to,yes,1,relationship-cardinality;relationship-label,label 'ANNEXED_TO' written as 'annexed_to'
https://w3id.org/openim/ontology/ap-agreement-for,object_property,AP_AGREEMENT_FOR,https://w3id.org/openim/ontology/ap-agreement-for,ap_agreement_for,yes,1,relationship-cardinality;relationship-label,label 'AP_AGREEMENT_FOR' written as 'ap_agreement_for'
https://w3id.org/openim/ontology/applies-to-portfolio,object_property,APPLIES_TO_PORTFOLIO,https://w3id.org/openim/ontology/applies-to-portfolio,applies_to_portfolio,yes,1,relationship-cardinality;relationship-label,label 'APPLIES_TO_PORTFOLIO' written as 'applies_to_portfolio'
https://w3id.org/openim/ontology/asset-class-of,object_property,ASSET_CLASS_OF,https://w3id.org/openim/ontology/playground/asset-class-of_E-09_E-02;https://w3id.org/openim/ontology/playground/asset-class-of_E-09_E-03;https://w3id.org/openim/ontology/playground/asset-class-of_E-09_E-10;https://w3id.org/openim/ontology/playground/asset-class-of_E-09_FO-01;https://w3id.org/openim/ontology/playground/asset-class-of_E-09_FO-02;https://w3id.org/openim/ontology/playground/asset-class-of_E-09_FO-06;https://w3id.org/openim/ontology/playground/asset-class-of_E-09_PM-01;https://w3id.org/openim/ontology/playground/asset-class-of_E-09_PM-12,asset_class_of,expanded,8,inverse-pairing;relationship-cardinality;relationship-label;union-expand,"the Playground reads one class as domain and one as range; drawn as 8 relationships, one relationship per member class pair; the verb itself is not drawn"
https://w3id.org/openim/ontology/at-meeting,object_property,AT_MEETING,https://w3id.org/openim/ontology/at-meeting,at_meeting,yes,1,relationship-cardinality;relationship-label,label 'AT_MEETING' written as 'at_meeting'
https://w3id.org/openim/ontology/authorised-participant-for,object_property,AUTHORISED_PARTICIPANT_FOR,https://w3id.org/openim/ontology/playground/authorised-participant-for_E-01_FO-10;https://w3id.org/openim/ontology/playground/authorised-participant-for_E-01_FO-11;https://w3id.org/openim/ontology/playground/authorised-participant-for_E-01_FO-12,authorised_participant_for,expanded,3,inverse-pairing;relationship-cardinality;relationship-label;union-expand,"the Playground reads one class as domain and one as range; drawn as 3 relationships, one relationship per member class pair; the verb itself is not drawn"
https://w3id.org/openim/ontology/basket-for,object_property,BASKET_FOR,https://w3id.org/openim/ontology/basket-for,basket_for,yes,1,relationship-cardinality;relationship-label,label 'BASKET_FOR' written as 'basket_for'
https://w3id.org/openim/ontology/belongs-to-fund-product,object_property,BELONGS_TO_FUND_PRODUCT,https://w3id.org/openim/ontology/playground/belongs-to-fund-product_FO-02_FO-01;https://w3id.org/openim/ontology/playground/belongs-to-fund-product_FO-06_FO-01;https://w3id.org/openim/ontology/playground/belongs-to-fund-product_FO-07_FO-01;https://w3id.org/openim/ontology/playground/belongs-to-fund-product_FO-08_FO-01;https://w3id.org/openim/ontology/playground/belongs-to-fund-product_FO-09_FO-01;https://w3id.org/openim/ontology/playground/belongs-to-fund-product_FO-11_FO-01;https://w3id.org/openim/ontology/playground/belongs-to-fund-product_FO-12_FO-01,belongs_to_fund_product,expanded,7,inverse-pairing;relationship-cardinality;relationship-label;union-expand,"the Playground reads one class as domain and one as range; drawn as 7 relationships, one relationship per member class pair; the verb itself is not drawn"
https://w3id.org/openim/ontology/benchmark-for,object_property,BENCHMARK_FOR,https://w3id.org/openim/ontology/benchmark-for,benchmark_for,yes,1,relationship-cardinality;relationship-label,label 'BENCHMARK_FOR' written as 'benchmark_for'
https://w3id.org/openim/ontology/benchmark-referenced-by,object_property,BENCHMARK_REFERENCED_BY,https://w3id.org/openim/ontology/benchmark-referenced-by,benchmark_referenced_by,yes,1,relationship-cardinality;relationship-label,label 'BENCHMARK_REFERENCED_BY' written as 'benchmark_referenced_by'
https://w3id.org/openim/ontology/benchmarked-to,object_property,BENCHMARKED_TO,https://w3id.org/openim/ontology/benchmarked-to,benchmarked_to,yes,1,relationship-cardinality;relationship-label,label 'BENCHMARKED_TO' written as 'benchmarked_to'
https://w3id.org/openim/ontology/booked-as,object_property,BOOKED_AS,https://w3id.org/openim/ontology/booked-as,booked_as,yes,1,relationship-cardinality;relationship-label,label 'BOOKED_AS' written as 'booked_as'
https://w3id.org/openim/ontology/books,object_property,BOOKS,https://w3id.org/openim/ontology/books,books,yes,1,relationship-cardinality;relationship-label,label 'BOOKS' written as 'books'
https://w3id.org/openim/ontology/borrower-in,object_property,BORROWER_IN,https://w3id.org/openim/ontology/playground/borrower-in_E-01_PB-10;https://w3id.org/openim/ontology/playground/borrower-in_E-01_PM-14,borrower_in,expanded,2,inverse-pairing;relationship-cardinality;relationship-label;union-expand,"the Playground reads one class as domain and one as range; drawn as 2 relationships, one relationship per member class pair; the verb itself is not drawn"
https://w3id.org/openim/ontology/breach-of-limit,object_property,BREACH_OF_LIMIT,https://w3id.org/openim/ontology/breach-of-limit,breach_of_limit,yes,1,relationship-cardinality;relationship-label,label 'BREACH_OF_LIMIT' written as 'breach_of_limit'
https://w3id.org/openim/ontology/broker-for,object_property,BROKER_FOR,https://w3id.org/openim/ontology/playground/broker-for_E-01_PB-03;https://w3id.org/openim/ontology/playground/broker-for_E-01_PB-04,broker_for,expanded,2,inverse-pairing;relationship-cardinality;relationship-label;union-expand,"the Playground reads one class as domain and one as range; drawn as 2 relationships, one relationship per member class pair; the verb itself is not drawn"
https://w3id.org/openim/ontology/child-order-of,object_property,CHILD_ORDER_OF,https://w3id.org/openim/ontology/child-order-of,child_order_of,yes,1,relationship-cardinality;relationship-label,label 'CHILD_ORDER_OF' written as 'child_order_of'
https://w3id.org/openim/ontology/classification-type-of,object_property,CLASSIFICATION_TYPE_OF,https://w3id.org/openim/ontology/classification-type-of,classification_type_of,yes,1,relationship-cardinality;relationship-label,label 'CLASSIFICATION_TYPE_OF' written as 'classification_type_of'
https://w3id.org/openim/ontology/classification-value-of,object_property,CLASSIFICATION_VALUE_OF,https://w3id.org/openim/ontology/classification-value-of,classification_value_of,yes,1,relationship-cardinality;relationship-label,label 'CLASSIFICATION_VALUE_OF' written as 'classification_value_of'
https://w3id.org/openim/ontology/classified-as,object_property,CLASSIFIED_AS,https://w3id.org/openim/ontology/playground/classified-as_PB-01_E-11;https://w3id.org/openim/ontology/playground/classified-as_PB-02_E-11,classified_as,expanded,2,inverse-pairing;relationship-cardinality;relationship-label;union-expand,"the Playground reads one class as domain and one as range; drawn as 2 relationships, one relationship per member class pair; the verb itself is not drawn"
https://w3id.org/openim/ontology/classified-as-asset-class,object_property,CLASSIFIED_AS_ASSET_CLASS,https://w3id.org/openim/ontology/playground/classified-as-asset-class_E-02_E-09;https://w3id.org/openim/ontology/playground/classified-as-asset-class_E-03_E-09;https://w3id.org/openim/ontology/playground/classified-as-asset-class_E-10_E-09;https://w3id.org/openim/ontology/playground/classified-as-asset-class_FO-01_E-09;https://w3id.org/openim/ontology/playground/classified-as-asset-class_FO-02_E-09;https://w3id.org/openim/ontology/playground/classified-as-asset-class_FO-06_E-09;https://w3id.org/openim/ontology/playground/classified-as-asset-class_PM-01_E-09;https://w3id.org/openim/ontology/playground/classified-as-asset-class_PM-12_E-09,classified_as_asset_class,expanded,8,inverse-pairing;relationship-cardinality;relationship-label;union-expand,"the Playground reads one class as domain and one as range; drawn as 8 relationships, one relationship per member class pair; the verb itself is not drawn"
https://w3id.org/openim/ontology/classifies,object_property,CLASSIFIES,https://w3id.org/openim/ontology/playground/classifies_E-11_PB-01;https://w3id.org/openim/ontology/playground/classifies_E-11_PB-02,classifies,expanded,2,inverse-pairing;relationship-cardinality;relationship-label;union-expand,"the Playground reads one class as domain and one as range; drawn as 2 relationships, one relationship per member class pair; the verb itself is not drawn"
https://w3id.org/openim/ontology/cleared-through,object_property,CLEARED_THROUGH,https://w3id.org/openim/ontology/playground/cleared-through_DR-01_E-01;https://w3id.org/openim/ontology/playground/cleared-through_DR-05_E-01,cleared_through,expanded,2,inverse-pairing;relationship-cardinality;relationship-label;union-expand,"the Playground reads one class as domain and one as range; drawn as 2 relationships, one relationship per member class pair; the verb itself is not drawn"
https://w3id.org/openim/ontology/clearing-broker-for,object_property,CLEARING_BROKER_FOR,https://w3id.org/openim/ontology/clearing-broker-for,clearing_broker_for,yes,1,relationship-cardinality;relationship-label,label 'CLEARING_BROKER_FOR' written as 'clearing_broker_for'
https://w3id.org/openim/ontology/clearing-relationship-covers,object_property,CLEARING_RELATIONSHIP_COVERS,https://w3id.org/openim/ontology/clearing-relationship-covers,clearing_relationship_covers,yes,1,relationship-cardinality;relationship-label,label 'CLEARING_RELATIONSHIP_COVERS' written as 'clearing_relationship_covers'
https://w3id.org/openim/ontology/clears,object_property,CLEARS,https://w3id.org/openim/ontology/playground/clears_E-01_DR-01;https://w3id.org/openim/ontology/playground/clears_E-01_DR-05,clears,expanded,2,inverse-pairing;relationship-cardinality;relationship-label;union-expand,"the Playground reads one class as domain and one as range; drawn as 2 relationships, one relationship per member class pair; the verb itself is not drawn"
https://w3id.org/openim/ontology/collateral-for,object_property,COLLATERAL_FOR,https://w3id.org/openim/ontology/collateral-for,collateral_for,yes,1,relationship-cardinality;relationship-label,label 'COLLATERAL_FOR' written as 'collateral_for'
https://w3id.org/openim/ontology/collateralised-by,object_property,COLLATERALISED_BY,https://w3id.org/openim/ontology/collateralised-by,collateralised_by,yes,1,relationship-cardinality;relationship-label,label 'COLLATERALISED_BY' written as 'collateralised_by'
https://w3id.org/openim/ontology/commitment-has,object_property,COMMITMENT_HAS,https://w3id.org/openim/ontology/playground/commitment-has_PM-06_PM-07;https://w3id.org/openim/ontology/playground/commitment-has_PM-06_PM-08,commitment_has,expanded,2,inverse-pairing;relationship-cardinality;relationship-label;union-expand,"the Playground reads one class as domain and one as range; drawn as 2 relationships, one relationship per member class pair; the verb itself is not drawn"
https://w3id.org/openim/ontology/computed-per-metric,object_property,COMPUTED_PER_METRIC,https://w3id.org/openim/ontology/playground/computed-per-metric_E-20_E-22;https://w3id.org/openim/ontology/playground/computed-per-metric_E-31_E-22;https://w3id.org/openim/ontology/playground/computed-per-metric_E-37_E-22;https://w3id.org/openim/ontology/playground/computed-per-metric_E-38_E-22,computed_per_metric,expanded,4,inverse-pairing;relationship-cardinality;relationship-label;union-expand,"the Playground reads one class as domain and one as range; drawn as 4 relationships, one relationship per member class pair; the verb itself is not drawn"
https://w3id.org/openim/ontology/concession-grantor-for,object_property,CONCESSION_GRANTOR_FOR,https://w3id.org/openim/ontology/concession-grantor-for,concession_grantor_for,yes,1,relationship-cardinality;relationship-label,label 'CONCESSION_GRANTOR_FOR' written as 'concession_grantor_for'
https://w3id.org/openim/ontology/constituent-of,object_property,CONSTITUENT_OF,https://w3id.org/openim/ontology/constituent-of,constituent_of,yes,1,relationship-cardinality;relationship-label,label 'CONSTITUENT_OF' written as 'constituent_of'
https://w3id.org/openim/ontology/contractor-for,object_property,CONTRACTOR_FOR,https://w3id.org/openim/ontology/contractor-for,contractor_for,yes,1,relationship-cardinality;relationship-label,label 'CONTRACTOR_FOR' written as 'contractor_for'
https://w3id.org/openim/ontology/corrected-by,object_property,CORRECTED_BY,https://w3id.org/openim/ontology/corrected-by,corrected_by,yes,1,relationship-cardinality;relationship-label,label 'CORRECTED_BY' written as 'corrected_by'
https://w3id.org/openim/ontology/corrects,object_property,CORRECTS,https://w3id.org/openim/ontology/corrects,corrects,yes,1,relationship-cardinality;relationship-label,label 'CORRECTS' written as 'corrects'
https://w3id.org/openim/ontology/counterparty-in,object_property,COUNTERPARTY_IN,https://w3id.org/openim/ontology/playground/counterparty-in_E-01_DR-02;https://w3id.org/openim/ontology/playground/counterparty-in_E-01_DR-03;https://w3id.org/openim/ontology/playground/counterparty-in_E-01_E-05;https://w3id.org/openim/ontology/playground/counterparty-in_E-01_E-26;https://w3id.org/openim/ontology/playground/counterparty-in_E-01_PB-06,counterparty_in,expanded,5,inverse-pairing;relationship-cardinality;relationship-label;union-expand,"the Playground reads one class as domain and one as range; drawn as 5 relationships, one relationship per member class pair; the verb itself is not drawn"
https://w3id.org/openim/ontology/custodian-for,object_property,CUSTODIAN_FOR,https://w3id.org/openim/ontology/playground/custodian-for_E-01_PB-05;https://w3id.org/openim/ontology/playground/custodian-for_E-01_PB-06,custodian_for,expanded,2,inverse-pairing;relationship-cardinality;relationship-label;union-expand,"the Playground reads one class as domain and one as range; drawn as 2 relationships, one relationship per member class pair; the verb itself is not drawn"
https://w3id.org/openim/ontology/delegated-from,object_property,DELEGATED_FROM,https://w3id.org/openim/ontology/delegated-from,delegated_from,yes,1,relationship-cardinality;relationship-label,label 'DELEGATED_FROM' written as 'delegated_from'
https://w3id.org/openim/ontology/delegates-to,object_property,DELEGATES_TO,https://w3id.org/openim/ontology/delegates-to,delegates_to,yes,1,relationship-cardinality;relationship-label,label 'DELEGATES_TO' written as 'delegates_to'
https://w3id.org/openim/ontology/detected-by-measurement,object_property,DETECTED_BY_MEASUREMENT,https://w3id.org/openim/ontology/detected-by-measurement,detected_by_measurement,yes,1,relationship-cardinality;relationship-label,label 'DETECTED_BY_MEASUREMENT' written as 'detected_by_measurement'
https://w3id.org/openim/ontology/document-for,object_property,DOCUMENT_FOR,https://w3id.org/openim/ontology/document-for,document_for,yes,1,relationship-cardinality;relationship-label,label 'DOCUMENT_FOR' written as 'document_for'
https://w3id.org/openim/ontology/extracted-from,object_property,EXTRACTED_FROM,https://w3id.org/openim/ontology/extracted-from,extracted_from,yes,1,relationship-cardinality;relationship-label,label 'EXTRACTED_FROM' written as 'extracted_from'
https://w3id.org/openim/ontology/family-includes,object_property,FAMILY_INCLUDES,https://w3id.org/openim/ontology/family-includes,family_includes,yes,1,relationship-cardinality;relationship-label,label 'FAMILY_INCLUDES' written as 'family_includes'
https://w3id.org/openim/ontology/for-allocation,object_property,FOR_ALLOCATION,https://w3id.org/openim/ontology/for-allocation,for_allocation,yes,1,relationship-cardinality;relationship-label,label 'FOR_ALLOCATION' written as 'for_allocation'
https://w3id.org/openim/ontology/for-investment,object_property,FOR_INVESTMENT,https://w3id.org/openim/ontology/for-investment,for_investment,yes,1,relationship-cardinality;relationship-label,label 'FOR_INVESTMENT' written as 'for_investment'
https://w3id.org/openim/ontology/for-order,object_property,FOR_ORDER,https://w3id.org/openim/ontology/playground/for-order_PB-04_PB-03;https://w3id.org/openim/ontology/playground/for-order_PB-05_PB-03,for_order,expanded,2,inverse-pairing;relationship-cardinality;relationship-label;union-expand,"the Playground reads one class as domain and one as range; drawn as 2 relationships, one relationship per member class pair; the verb itself is not drawn"
https://w3id.org/openim/ontology/for-party,object_property,FOR_PARTY,https://w3id.org/openim/ontology/playground/for-party_E-30_E-01;https://w3id.org/openim/ontology/playground/for-party_E-32_E-01;https://w3id.org/openim/ontology/playground/for-party_E-33_E-01;https://w3id.org/openim/ontology/playground/for-party_E-35_E-01,for_party,expanded,4,inverse-pairing;relationship-cardinality;relationship-label;union-expand,"the Playground reads one class as domain and one as range; drawn as 4 relationships, one relationship per member class pair; the verb itself is not drawn"
https://w3id.org/openim/ontology/from-transaction,object_property,FROM_TRANSACTION,https://w3id.org/openim/ontology/playground/from-transaction_E-06_E-05;https://w3id.org/openim/ontology/playground/from-transaction_PB-07_E-05,from_transaction,expanded,2,inverse-pairing;relationship-cardinality;relationship-label;union-expand,"the Playground reads one class as domain and one as range; drawn as 2 relationships, one relationship per member class pair; the verb itself is not drawn"
https://w3id.org/openim/ontology/fund-administrator-of,object_property,FUND_ADMINISTRATOR_OF,https://w3id.org/openim/ontology/fund-administrator-of,fund_administrator_of,yes,1,relationship-cardinality;relationship-label,label 'FUND_ADMINISTRATOR_OF' written as 'fund_administrator_of'
https://w3id.org/openim/ontology/fund-includes,object_property,FUND_INCLUDES,https://w3id.org/openim/ontology/playground/fund-includes_PM-01_PM-06;https://w3id.org/openim/ontology/playground/fund-includes_PM-01_PM-07;https://w3id.org/openim/ontology/playground/fund-includes_PM-01_PM-08;https://w3id.org/openim/ontology/playground/fund-includes_PM-01_PM-09;https://w3id.org/openim/ontology/playground/fund-includes_PM-01_PM-10;https://w3id.org/openim/ontology/playground/fund-includes_PM-01_PM-12;https://w3id.org/openim/ontology/playground/fund-includes_PM-01_PM-13,fund_includes,expanded,7,inverse-pairing;relationship-cardinality;relationship-label;union-expand,"the Playground reads one class as domain and one as range; drawn as 7 relationships, one relationship per member class pair; the verb itself is not drawn"
https://w3id.org/openim/ontology/fund-product-includes,object_property,FUND_PRODUCT_INCLUDES,https://w3id.org/openim/ontology/playground/fund-product-includes_FO-01_FO-02;https://w3id.org/openim/ontology/playground/fund-product-includes_FO-01_FO-06;https://w3id.org/openim/ontology/playground/fund-product-includes_FO-01_FO-07;https://w3id.org/openim/ontology/playground/fund-product-includes_FO-01_FO-08;https://w3id.org/openim/ontology/playground/fund-product-includes_FO-01_FO-09;https://w3id.org/openim/ontology/playground/fund-product-includes_FO-01_FO-11;https://w3id.org/openim/ontology/playground/fund-product-includes_FO-01_FO-12,fund_product_includes,expanded,7,inverse-pairing;relationship-cardinality;relationship-label;union-expand,"the Playground reads one class as domain and one as range; drawn as 7 relationships, one relationship per member class pair; the verb itself is not drawn"
https://w3id.org/openim/ontology/funded-by-portfolio,object_property,FUNDED_BY_PORTFOLIO,https://w3id.org/openim/ontology/funded-by-portfolio,funded_by_portfolio,yes,1,relationship-cardinality;relationship-label,label 'FUNDED_BY_PORTFOLIO' written as 'funded_by_portfolio'
https://w3id.org/openim/ontology/funds-goal,object_property,FUNDS_GOAL,https://w3id.org/openim/ontology/funds-goal,funds_goal,yes,1,relationship-cardinality;relationship-label,label 'FUNDS_GOAL' written as 'funds_goal'
https://w3id.org/openim/ontology/generates,object_property,GENERATES,https://w3id.org/openim/ontology/playground/generates_E-05_E-06;https://w3id.org/openim/ontology/playground/generates_E-05_PB-07,generates,expanded,2,inverse-pairing;relationship-cardinality;relationship-label;union-expand,"the Playground reads one class as domain and one as range; drawn as 2 relationships, one relationship per member class pair; the verb itself is not drawn"
https://w3id.org/openim/ontology/goal-in-plan,object_property,GOAL_IN_PLAN,https://w3id.org/openim/ontology/goal-in-plan,goal_in_plan,yes,1,relationship-cardinality;relationship-label,label 'GOAL_IN_PLAN' written as 'goal_in_plan'
https://w3id.org/openim/ontology/governed-by-plan,object_property,GOVERNED_BY_PLAN,https://w3id.org/openim/ontology/governed-by-plan,governed_by_plan,yes,1,relationship-cardinality;relationship-label,label 'GOVERNED_BY_PLAN' written as 'governed_by_plan'
https://w3id.org/openim/ontology/gp-manages,object_property,GP_MANAGES,https://w3id.org/openim/ontology/gp-manages,gp_manages,yes,1,relationship-cardinality;relationship-label,label 'GP_MANAGES' written as 'gp_manages'
https://w3id.org/openim/ontology/has-allocation-plan,object_property,HAS_ALLOCATION_PLAN,https://w3id.org/openim/ontology/has-allocation-plan,has_allocation_plan,yes,1,relationship-cardinality;relationship-label,label 'HAS_ALLOCATION_PLAN' written as 'has_allocation_plan'
https://w3id.org/openim/ontology/has-annex,object_property,HAS_ANNEX,https://w3id.org/openim/ontology/has-annex,has_annex,yes,1,relationship-cardinality;relationship-label,label 'HAS_ANNEX' written as 'has_annex'
https://w3id.org/openim/ontology/has-authorised-participant,object_property,HAS_AUTHORISED_PARTICIPANT,https://w3id.org/openim/ontology/playground/has-authorised-participant_FO-10_E-01;https://w3id.org/openim/ontology/playground/has-authorised-participant_FO-11_E-01;https://w3id.org/openim/ontology/playground/has-authorised-participant_FO-12_E-01,has_authorised_participant,expanded,3,inverse-pairing;relationship-cardinality;relationship-label;union-expand,"the Playground reads one class as domain and one as range; drawn as 3 relationships, one relationship per member class pair; the verb itself is not drawn"
https://w3id.org/openim/ontology/has-borrower,object_property,HAS_BORROWER,https://w3id.org/openim/ontology/playground/has-borrower_PB-10_E-01;https://w3id.org/openim/ontology/playground/has-borrower_PM-14_E-01,has_borrower,expanded,2,inverse-pairing;relationship-cardinality;relationship-label;union-expand,"the Playground reads one class as domain and one as range; drawn as 2 relationships, one relationship per member class pair; the verb itself is not drawn"
https://w3id.org/openim/ontology/has-breach,object_property,HAS_BREACH,https://w3id.org/openim/ontology/has-breach,has_breach,yes,1,relationship-cardinality;relationship-label,label 'HAS_BREACH' written as 'has_breach'
https://w3id.org/openim/ontology/has-classification-type,object_property,HAS_CLASSIFICATION_TYPE,https://w3id.org/openim/ontology/has-classification-type,has_classification_type,yes,1,relationship-cardinality;relationship-label,label 'HAS_CLASSIFICATION_TYPE' written as 'has_classification_type'
https://w3id.org/openim/ontology/has-classification-value,object_property,HAS_CLASSIFICATION_VALUE,https://w3id.org/openim/ontology/has-classification-value,has_classification_value,yes,1,relationship-cardinality;relationship-label,label 'HAS_CLASSIFICATION_VALUE' written as 'has_classification_value'
https://w3id.org/openim/ontology/has-clearing-broker,object_property,HAS_CLEARING_BROKER,https://w3id.org/openim/ontology/has-clearing-broker,has_clearing_broker,yes,1,relationship-cardinality;relationship-label,label 'HAS_CLEARING_BROKER' written as 'has_clearing_broker'
https://w3id.org/openim/ontology/has-concession-grantor,object_property,HAS_CONCESSION_GRANTOR,https://w3id.org/openim/ontology/has-concession-grantor,has_concession_grantor,yes,1,relationship-cardinality;relationship-label,label 'HAS_CONCESSION_GRANTOR' written as 'has_concession_grantor'
https://w3id.org/openim/ontology/has-constituent,object_property,HAS_CONSTITUENT,https://w3id.org/openim/ontology/has-constituent,has_constituent,yes,1,relationship-cardinality;relationship-label,label 'HAS_CONSTITUENT' written as 'has_constituent'
https://w3id.org/openim/ontology/has-contractor,object_property,HAS_CONTRACTOR,https://w3id.org/openim/ontology/has-contractor,has_contractor,yes,1,relationship-cardinality;relationship-label,label 'HAS_CONTRACTOR' written as 'has_contractor'
https://w3id.org/openim/ontology/has-counterparty,object_property,HAS_COUNTERPARTY,https://w3id.org/openim/ontology/playground/has-counterparty_DR-02_E-01;https://w3id.org/openim/ontology/playground/has-counterparty_DR-03_E-01;https://w3id.org/openim/ontology/playground/has-counterparty_E-05_E-01;https://w3id.org/openim/ontology/playground/has-counterparty_E-26_E-01;https://w3id.org/openim/ontology/playground/has-counterparty_PB-06_E-01,has_counterparty,expanded,5,inverse-pairing;relationship-cardinality;relationship-label;union-expand,"the Playground reads one class as domain and one as range; drawn as 5 relationships, one relationship per member class pair; the verb itself is not drawn"
https://w3id.org/openim/ontology/has-custodian,object_property,HAS_CUSTODIAN,https://w3id.org/openim/ontology/playground/has-custodian_PB-05_E-01;https://w3id.org/openim/ontology/playground/has-custodian_PB-06_E-01,has_custodian,expanded,2,inverse-pairing;relationship-cardinality;relationship-label;union-expand,"the Playground reads one class as domain and one as range; drawn as 2 relationships, one relationship per member class pair; the verb itself is not drawn"
https://w3id.org/openim/ontology/has-document,object_property,HAS_DOCUMENT,https://w3id.org/openim/ontology/has-document,has_document,yes,1,relationship-cardinality;relationship-label,label 'HAS_DOCUMENT' written as 'has_document'
https://w3id.org/openim/ontology/has-extraction-record,object_property,HAS_EXTRACTION_RECORD,https://w3id.org/openim/ontology/has-extraction-record,has_extraction_record,yes,1,relationship-cardinality;relationship-label,label 'HAS_EXTRACTION_RECORD' written as 'has_extraction_record'
https://w3id.org/openim/ontology/has-fund-administrator,object_property,HAS_FUND_ADMINISTRATOR,https://w3id.org/openim/ontology/has-fund-administrator,has_fund_administrator,yes,1,relationship-cardinality;relationship-label,label 'HAS_FUND_ADMINISTRATOR' written as 'has_fund_administrator'
https://w3id.org/openim/ontology/has-investor,object_property,HAS_INVESTOR,https://w3id.org/openim/ontology/playground/has-investor_DR-03_E-01;https://w3id.org/openim/ontology/playground/has-investor_DR-05_E-01;https://w3id.org/openim/ontology/playground/has-investor_FO-03_E-01;https://w3id.org/openim/ontology/playground/has-investor_FO-04_E-01;https://w3id.org/openim/ontology/playground/has-investor_FO-07_E-01;https://w3id.org/openim/ontology/playground/has-investor_PM-06_E-01;https://w3id.org/openim/ontology/playground/has-investor_PM-13_E-01,has_investor,expanded,7,inverse-pairing;relationship-cardinality;relationship-label;union-expand,"the Playground reads one class as domain and one as range; drawn as 7 relationships, one relationship per member class pair; the verb itself is not drawn"
https://w3id.org/openim/ontology/has-position,object_property,HAS_POSITION,https://w3id.org/openim/ontology/has-position,has_position,yes,1,relationship-cardinality;relationship-label,label 'HAS_POSITION' written as 'has_position'
https://w3id.org/openim/ontology/has-predecessor-gp,object_property,HAS_PREDECESSOR_GP,https://w3id.org/openim/ontology/has-predecessor-gp,has_predecessor_gp,yes,1,relationship-cardinality;relationship-label,label 'HAS_PREDECESSOR_GP' written as 'has_predecessor_gp'
https://w3id.org/openim/ontology/has-progress-measurement,object_property,HAS_PROGRESS_MEASUREMENT,https://w3id.org/openim/ontology/has-progress-measurement,has_progress_measurement,yes,1,relationship-cardinality;relationship-label,label 'HAS_PROGRESS_MEASUREMENT' written as 'has_progress_measurement'
https://w3id.org/openim/ontology/has-subject,object_property,HAS_SUBJECT,https://w3id.org/openim/ontology/playground/has-subject_E-15_E-01;https://w3id.org/openim/ontology/playground/has-subject_E-15_E-02;https://w3id.org/openim/ontology/playground/has-subject_E-15_E-03;https://w3id.org/openim/ontology/playground/has-subject_E-15_E-04;https://w3id.org/openim/ontology/playground/has-subject_E-15_PM-01;https://w3id.org/openim/ontology/playground/has-subject_E-15_PM-09,has_subject,expanded,6,inverse-pairing;relationship-cardinality;relationship-label;union-expand,"the Playground reads one class as domain and one as range; drawn as 6 relationships, one relationship per member class pair; the verb itself is not drawn"
https://w3id.org/openim/ontology/has-successor-gp,object_property,HAS_SUCCESSOR_GP,https://w3id.org/openim/ontology/has-successor-gp,has_successor_gp,yes,1,relationship-cardinality;relationship-label,label 'HAS_SUCCESSOR_GP' written as 'has_successor_gp'
https://w3id.org/openim/ontology/has-target-party,object_property,HAS_TARGET_PARTY,https://w3id.org/openim/ontology/has-target-party,has_target_party,yes,1,relationship-cardinality;relationship-label,label 'HAS_TARGET_PARTY' written as 'has_target_party'
https://w3id.org/openim/ontology/has-tenant,object_property,HAS_TENANT,https://w3id.org/openim/ontology/has-tenant,has_tenant,yes,1,relationship-cardinality;relationship-label,label 'HAS_TENANT' written as 'has_tenant'
https://w3id.org/openim/ontology/has-valuation,object_property,HAS_VALUATION,https://w3id.org/openim/ontology/has-valuation,has_valuation,yes,1,relationship-cardinality;relationship-label,label 'HAS_VALUATION' written as 'has_valuation'
https://w3id.org/openim/ontology/held-by,object_property,HELD_BY,https://w3id.org/openim/ontology/held-by,held_by,yes,1,relationship-cardinality;relationship-label,label 'HELD_BY' written as 'held_by'
https://w3id.org/openim/ontology/held-through-vehicle,object_property,HELD_THROUGH_VEHICLE,https://w3id.org/openim/ontology/held-through-vehicle,held_through_vehicle,yes,1,relationship-cardinality;relationship-label,label 'HELD_THROUGH_VEHICLE' written as 'held_through_vehicle'
https://w3id.org/openim/ontology/held-via-investment,object_property,HELD_VIA_INVESTMENT,https://w3id.org/openim/ontology/playground/held-via-investment_PM-01_PM-09;https://w3id.org/openim/ontology/playground/held-via-investment_PM-04_PM-09,held_via_investment,expanded,2,inverse-pairing;relationship-cardinality;relationship-label;union-expand,"the Playground reads one class as domain and one as range; drawn as 2 relationships, one relationship per member class pair; the verb itself is not drawn"
https://w3id.org/openim/ontology/holder-of,object_property,HOLDER_OF,https://w3id.org/openim/ontology/holder-of,holder_of,yes,1,relationship-cardinality;relationship-label,label 'HOLDER_OF' written as 'holder_of'
https://w3id.org/openim/ontology/holds-interest-in,object_property,HOLDS_INTEREST_IN,https://w3id.org/openim/ontology/playground/holds-interest-in_PM-09_PM-01;https://w3id.org/openim/ontology/playground/holds-interest-in_PM-09_PM-04,holds_interest_in,expanded,2,inverse-pairing;relationship-cardinality;relationship-label;union-expand,"the Playground reads one class as domain and one as range; drawn as 2 relationships, one relationship per member class pair; the verb itself is not drawn"
https://w3id.org/openim/ontology/in-fund-family,object_property,IN_FUND_FAMILY,https://w3id.org/openim/ontology/in-fund-family,in_fund_family,yes,1,relationship-cardinality;relationship-label,label 'IN_FUND_FAMILY' written as 'in_fund_family'
https://w3id.org/openim/ontology/in-portfolio,object_property,IN_PORTFOLIO,https://w3id.org/openim/ontology/playground/in-portfolio_E-04_E-03;https://w3id.org/openim/ontology/playground/in-portfolio_E-05_E-03;https://w3id.org/openim/ontology/playground/in-portfolio_E-06_E-03;https://w3id.org/openim/ontology/playground/in-portfolio_PB-03_E-03;https://w3id.org/openim/ontology/playground/in-portfolio_PB-05_E-03;https://w3id.org/openim/ontology/playground/in-portfolio_PB-06_E-03;https://w3id.org/openim/ontology/playground/in-portfolio_PB-11_E-03,in_portfolio,expanded,7,inverse-pairing;relationship-cardinality;relationship-label;union-expand,"the Playground reads one class as domain and one as range; drawn as 7 relationships, one relationship per member class pair; the verb itself is not drawn"
https://w3id.org/openim/ontology/includes-goal,object_property,INCLUDES_GOAL,https://w3id.org/openim/ontology/includes-goal,includes_goal,yes,1,relationship-cardinality;relationship-label,label 'INCLUDES_GOAL' written as 'includes_goal'
https://w3id.org/openim/ontology/instrument-in,object_property,INSTRUMENT_IN,https://w3id.org/openim/ontology/playground/instrument-in_E-02_DR-01;https://w3id.org/openim/ontology/playground/instrument-in_E-02_DR-02;https://w3id.org/openim/ontology/playground/instrument-in_E-02_E-05;https://w3id.org/openim/ontology/playground/instrument-in_E-02_E-06;https://w3id.org/openim/ontology/playground/instrument-in_E-02_E-07;https://w3id.org/openim/ontology/playground/instrument-in_E-02_E-08;https://w3id.org/openim/ontology/playground/instrument-in_E-02_E-26;https://w3id.org/openim/ontology/playground/instrument-in_E-02_E-32;https://w3id.org/openim/ontology/playground/instrument-in_E-02_FO-11;https://w3id.org/openim/ontology/playground/instrument-in_E-02_PB-01;https://w3id.org/openim/ontology/playground/instrument-in_E-02_PB-02;https://w3id.org/openim/ontology/playground/instrument-in_E-02_PB-03;https://w3id.org/openim/ontology/playground/instrument-in_E-02_PB-04;https://w3id.org/openim/ontology/playground/instrument-in_E-02_PB-05;https://w3id.org/openim/ontology/playground/instrument-in_E-02_PB-06;https://w3id.org/openim/ontology/playground/instrument-in_E-02_PB-07;https://w3id.org/openim/ontology/playground/instrument-in_E-02_PB-08;https://w3id.org/openim/ontology/playground/instrument-in_E-02_PB-09;https://w3id.org/openim/ontology/playground/instrument-in_E-02_PB-10;https://w3id.org/openim/ontology/playground/instrument-in_E-02_PM-14,instrument_in,expanded,20,inverse-pairing;relationship-cardinality;relationship-label;union-expand,"the Playground reads one class as domain and one as range; drawn as 20 relationships, one relationship per member class pair; the verb itself is not drawn"
https://w3id.org/openim/ontology/intermediary-for,object_property,INTERMEDIARY_FOR,https://w3id.org/openim/ontology/intermediary-for,intermediary_for,yes,1,relationship-cardinality;relationship-label,label 'INTERMEDIARY_FOR' written as 'intermediary_for'
https://w3id.org/openim/ontology/investment-held-via,object_property,INVESTMENT_HELD_VIA,https://w3id.org/openim/ontology/investment-held-via,investment_held_via,yes,1,relationship-cardinality;relationship-label,label 'INVESTMENT_HELD_VIA' written as 'investment_held_via'
https://w3id.org/openim/ontology/investor-in,object_property,INVESTOR_IN,https://w3id.org/openim/ontology/playground/investor-in_E-01_DR-03;https://w3id.org/openim/ontology/playground/investor-in_E-01_DR-05;https://w3id.org/openim/ontology/playground/investor-in_E-01_FO-03;https://w3id.org/openim/ontology/playground/investor-in_E-01_FO-04;https://w3id.org/openim/ontology/playground/investor-in_E-01_FO-07;https://w3id.org/openim/ontology/playground/investor-in_E-01_PM-06;https://w3id.org/openim/ontology/playground/investor-in_E-01_PM-13,investor_in,expanded,7,inverse-pairing;relationship-cardinality;relationship-label;union-expand,"the Playground reads one class as domain and one as range; drawn as 7 relationships, one relationship per member class pair; the verb itself is not drawn"
https://w3id.org/openim/ontology/issued-by,object_property,ISSUED_BY,https://w3id.org/openim/ontology/playground/issued-by_E-02_E-01;https://w3id.org/openim/ontology/playground/issued-by_PB-01_E-01;https://w3id.org/openim/ontology/playground/issued-by_PB-02_E-01,issued_by,expanded,3,inverse-pairing;relationship-cardinality;relationship-label;union-expand,"the Playground reads one class as domain and one as range; drawn as 3 relationships, one relationship per member class pair; the verb itself is not drawn"
https://w3id.org/openim/ontology/issuer-of,object_property,ISSUER_OF,https://w3id.org/openim/ontology/playground/issuer-of_E-01_E-02;https://w3id.org/openim/ontology/playground/issuer-of_E-01_PB-01;https://w3id.org/openim/ontology/playground/issuer-of_E-01_PB-02,issuer_of,expanded,3,inverse-pairing;relationship-cardinality;relationship-label;union-expand,"the Playground reads one class as domain and one as range; drawn as 3 relationships, one relationship per member class pair; the verb itself is not drawn"
https://w3id.org/openim/ontology/lends-position,object_property,LENDS_POSITION,https://w3id.org/openim/ontology/lends-position,lends_position,yes,1,relationship-cardinality;relationship-label,label 'LENDS_POSITION' written as 'lends_position'
https://w3id.org/openim/ontology/linked-to-portfolio,object_property,LINKED_TO_PORTFOLIO,https://w3id.org/openim/ontology/linked-to-portfolio,linked_to_portfolio,yes,1,relationship-cardinality;relationship-label,label 'LINKED_TO_PORTFOLIO' written as 'linked_to_portfolio'
https://w3id.org/openim/ontology/listed-on,object_property,LISTED_ON,https://w3id.org/openim/ontology/listed-on,listed_on,yes,1,relationship-cardinality;relationship-label,label 'LISTED_ON' written as 'listed_on'
https://w3id.org/openim/ontology/lists,object_property,LISTS,https://w3id.org/openim/ontology/lists,lists,yes,1,relationship-cardinality;relationship-label,label 'LISTS' written as 'lists'
https://w3id.org/openim/ontology/managed-by,object_property,MANAGED_BY,https://w3id.org/openim/ontology/playground/managed-by_E-03_E-01;https://w3id.org/openim/ontology/playground/managed-by_FO-01_E-01,managed_by,expanded,2,inverse-pairing;relationship-cardinality;relationship-label;union-expand,"the Playground reads one class as domain and one as range; drawn as 2 relationships, one relationship per member class pair; the verb itself is not drawn"
https://w3id.org/openim/ontology/managed-by-gp,object_property,MANAGED_BY_GP,https://w3id.org/openim/ontology/managed-by-gp,managed_by_gp,yes,1,relationship-cardinality;relationship-label,label 'MANAGED_BY_GP' written as 'managed_by_gp'
https://w3id.org/openim/ontology/manages,object_property,MANAGES,https://w3id.org/openim/ontology/playground/manages_E-01_E-03;https://w3id.org/openim/ontology/playground/manages_E-01_FO-01,manages,expanded,2,inverse-pairing;relationship-cardinality;relationship-label;union-expand,"the Playground reads one class as domain and one as range; drawn as 2 relationships, one relationship per member class pair; the verb itself is not drawn"
https://w3id.org/openim/ontology/master-agreement-governs,object_property,MASTER_AGREEMENT_GOVERNS,https://w3id.org/openim/ontology/playground/master-agreement-governs_DR-03_DR-02;https://w3id.org/openim/ontology/playground/master-agreement-governs_DR-03_DR-04,master_agreement_governs,expanded,2,inverse-pairing;relationship-cardinality;relationship-label;union-expand,"the Playground reads one class as domain and one as range; drawn as 2 relationships, one relationship per member class pair; the verb itself is not drawn"
https://w3id.org/openim/ontology/measurement-triggers,object_property,MEASUREMENT_TRIGGERS,https://w3id.org/openim/ontology/measurement-triggers,measurement_triggers,yes,1,relationship-cardinality;relationship-label,label 'MEASUREMENT_TRIGGERS' written as 'measurement_triggers'
https://w3id.org/openim/ontology/measures-goal,object_property,MEASURES_GOAL,https://w3id.org/openim/ontology/measures-goal,measures_goal,yes,1,relationship-cardinality;relationship-label,label 'MEASURES_GOAL' written as 'measures_goal'
https://w3id.org/openim/ontology/meeting-has-vote,object_property,MEETING_HAS_VOTE,https://w3id.org/openim/ontology/meeting-has-vote,meeting_has_vote,yes,1,relationship-cardinality;relationship-label,label 'MEETING_HAS_VOTE' written as 'meeting_has_vote'
https://w3id.org/openim/ontology/metric-for,object_property,METRIC_FOR,https://w3id.org/openim/ontology/playground/metric-for_E-22_E-20;https://w3id.org/openim/ontology/playground/metric-for_E-22_E-31;https://w3id.org/openim/ontology/playground/metric-for_E-22_E-37;https://w3id.org/openim/ontology/playground/metric-for_E-22_E-38,metric_for,expanded,4,inverse-pairing;relationship-cardinality;relationship-label;union-expand,"the Playground reads one class as domain and one as range; drawn as 4 relationships, one relationship per member class pair; the verb itself is not drawn"
https://w3id.org/openim/ontology/of-fund,object_property,OF_FUND,https://w3id.org/openim/ontology/playground/of-fund_PM-06_PM-01;https://w3id.org/openim/ontology/playground/of-fund_PM-07_PM-01;https://w3id.org/openim/ontology/playground/of-fund_PM-08_PM-01;https://w3id.org/openim/ontology/playground/of-fund_PM-09_PM-01;https://w3id.org/openim/ontology/playground/of-fund_PM-10_PM-01;https://w3id.org/openim/ontology/playground/of-fund_PM-12_PM-01;https://w3id.org/openim/ontology/playground/of-fund_PM-13_PM-01,of_fund,expanded,7,inverse-pairing;relationship-cardinality;relationship-label;union-expand,"the Playground reads one class as domain and one as range; drawn as 7 relationships, one relationship per member class pair; the verb itself is not drawn"
https://w3id.org/openim/ontology/of-share-class,object_property,OF_SHARE_CLASS,https://w3id.org/openim/ontology/playground/of-share-class_E-07_FO-02;https://w3id.org/openim/ontology/playground/of-share-class_FO-03_FO-02;https://w3id.org/openim/ontology/playground/of-share-class_FO-04_FO-02;https://w3id.org/openim/ontology/playground/of-share-class_FO-05_FO-02;https://w3id.org/openim/ontology/playground/of-share-class_FO-06_FO-02;https://w3id.org/openim/ontology/playground/of-share-class_FO-09_FO-02;https://w3id.org/openim/ontology/playground/of-share-class_FO-10_FO-02;https://w3id.org/openim/ontology/playground/of-share-class_FO-11_FO-02,of_share_class,expanded,8,inverse-pairing;relationship-cardinality;relationship-label;union-expand,"the Playground reads one class as domain and one as range; drawn as 8 relationships, one relationship per member class pair; the verb itself is not drawn"
https://w3id.org/openim/ontology/on-instrument,object_property,ON_INSTRUMENT,https://w3id.org/openim/ontology/playground/on-instrument_DR-01_E-02;https://w3id.org/openim/ontology/playground/on-instrument_DR-02_E-02;https://w3id.org/openim/ontology/playground/on-instrument_E-05_E-02;https://w3id.org/openim/ontology/playground/on-instrument_E-06_E-02;https://w3id.org/openim/ontology/playground/on-instrument_E-07_E-02;https://w3id.org/openim/ontology/playground/on-instrument_E-08_E-02;https://w3id.org/openim/ontology/playground/on-instrument_E-26_E-02;https://w3id.org/openim/ontology/playground/on-instrument_E-32_E-02;https://w3id.org/openim/ontology/playground/on-instrument_FO-11_E-02;https://w3id.org/openim/ontology/playground/on-instrument_PB-01_E-02;https://w3id.org/openim/ontology/playground/on-instrument_PB-02_E-02;https://w3id.org/openim/ontology/playground/on-instrument_PB-03_E-02;https://w3id.org/openim/ontology/playground/on-instrument_PB-04_E-02;https://w3id.org/openim/ontology/playground/on-instrument_PB-05_E-02;https://w3id.org/openim/ontology/playground/on-instrument_PB-06_E-02;https://w3id.org/openim/ontology/playground/on-instrument_PB-07_E-02;https://w3id.org/openim/ontology/playground/on-instrument_PB-08_E-02;https://w3id.org/openim/ontology/playground/on-instrument_PB-09_E-02;https://w3id.org/openim/ontology/playground/on-instrument_PB-10_E-02;https://w3id.org/openim/ontology/playground/on-instrument_PM-14_E-02,on_instrument,expanded,20,inverse-pairing;relationship-cardinality;relationship-label;union-expand,"the Playground reads one class as domain and one as range; drawn as 20 relationships, one relationship per member class pair; the verb itself is not drawn"
https://w3id.org/openim/ontology/on-real-asset,object_property,ON_REAL_ASSET,https://w3id.org/openim/ontology/playground/on-real-asset_RA-02_RA-01;https://w3id.org/openim/ontology/playground/on-real-asset_RA-03_RA-01;https://w3id.org/openim/ontology/playground/on-real-asset_RA-04_RA-01;https://w3id.org/openim/ontology/playground/on-real-asset_RA-05_RA-01,on_real_asset,expanded,4,inverse-pairing;relationship-cardinality;relationship-label;union-expand,"the Playground reads one class as domain and one as range; drawn as 4 relationships, one relationship per member class pair; the verb itself is not drawn"
https://w3id.org/openim/ontology/on-unitholding,object_property,ON_UNITHOLDING,https://w3id.org/openim/ontology/playground/on-unitholding_FO-04_FO-03;https://w3id.org/openim/ontology/playground/on-unitholding_FO-07_FO-03,on_unitholding,expanded,2,inverse-pairing;relationship-cardinality;relationship-label;union-expand,"the Playground reads one class as domain and one as range; drawn as 2 relationships, one relationship per member class pair; the verb itself is not drawn"
https://w3id.org/openim/ontology/order-fulfilled-by,object_property,ORDER_FULFILLED_BY,https://w3id.org/openim/ontology/playground/order-fulfilled-by_PB-03_PB-04;https://w3id.org/openim/ontology/playground/order-fulfilled-by_PB-03_PB-05,order_fulfilled_by,expanded,2,inverse-pairing;relationship-cardinality;relationship-label;union-expand,"the Playground reads one class as domain and one as range; drawn as 2 relationships, one relationship per member class pair; the verb itself is not drawn"
https://w3id.org/openim/ontology/originated,object_property,ORIGINATED,https://w3id.org/openim/ontology/originated,originated,yes,1,relationship-cardinality;relationship-label,label 'ORIGINATED' written as 'originated'
https://w3id.org/openim/ontology/originated-by,object_property,ORIGINATED_BY,https://w3id.org/openim/ontology/originated-by,originated_by,yes,1,relationship-cardinality;relationship-label,label 'ORIGINATED_BY' written as 'originated_by'
https://w3id.org/openim/ontology/parent-entity-of,object_property,PARENT_ENTITY_OF,https://w3id.org/openim/ontology/parent-entity-of,parent_entity_of,yes,1,relationship-cardinality;relationship-label,label 'PARENT_ENTITY_OF' written as 'parent_entity_of'
https://w3id.org/openim/ontology/parent-order-of,object_property,PARENT_ORDER_OF,https://w3id.org/openim/ontology/parent-order-of,parent_order_of,yes,1,relationship-cardinality;relationship-label,label 'PARENT_ORDER_OF' written as 'parent_order_of'
https://w3id.org/openim/ontology/parent-portfolio-of,object_property,PARENT_PORTFOLIO_OF,https://w3id.org/openim/ontology/parent-portfolio-of,parent_portfolio_of,yes,1,relationship-cardinality;relationship-label,label 'PARENT_PORTFOLIO_OF' written as 'parent_portfolio_of'
https://w3id.org/openim/ontology/party-of,object_property,PARTY_OF,https://w3id.org/openim/ontology/playground/party-of_E-01_E-30;https://w3id.org/openim/ontology/playground/party-of_E-01_E-32;https://w3id.org/openim/ontology/playground/party-of_E-01_E-33;https://w3id.org/openim/ontology/playground/party-of_E-01_E-35,party_of,expanded,4,inverse-pairing;relationship-cardinality;relationship-label;union-expand,"the Playground reads one class as domain and one as range; drawn as 4 relationships, one relationship per member class pair; the verb itself is not drawn"
https://w3id.org/openim/ontology/plan-governs,object_property,PLAN_GOVERNS,https://w3id.org/openim/ontology/plan-governs,plan_governs,yes,1,relationship-cardinality;relationship-label,label 'PLAN_GOVERNS' written as 'plan_governs'
https://w3id.org/openim/ontology/portfolio-includes,object_property,PORTFOLIO_INCLUDES,https://w3id.org/openim/ontology/playground/portfolio-includes_E-03_E-04;https://w3id.org/openim/ontology/playground/portfolio-includes_E-03_E-05;https://w3id.org/openim/ontology/playground/portfolio-includes_E-03_E-06;https://w3id.org/openim/ontology/playground/portfolio-includes_E-03_PB-03;https://w3id.org/openim/ontology/playground/portfolio-includes_E-03_PB-05;https://w3id.org/openim/ontology/playground/portfolio-includes_E-03_PB-06;https://w3id.org/openim/ontology/playground/portfolio-includes_E-03_PB-11,portfolio_includes,expanded,7,inverse-pairing;relationship-cardinality;relationship-label;union-expand,"the Playground reads one class as domain and one as range; drawn as 7 relationships, one relationship per member class pair; the verb itself is not drawn"
https://w3id.org/openim/ontology/portfolio-linked-to,object_property,PORTFOLIO_LINKED_TO,https://w3id.org/openim/ontology/portfolio-linked-to,portfolio_linked_to,yes,1,relationship-cardinality;relationship-label,label 'PORTFOLIO_LINKED_TO' written as 'portfolio_linked_to'
https://w3id.org/openim/ontology/position-in,object_property,POSITION_IN,https://w3id.org/openim/ontology/position-in,position_in,yes,1,relationship-cardinality;relationship-label,label 'POSITION_IN' written as 'position_in'
https://w3id.org/openim/ontology/position-lent-as,object_property,POSITION_LENT_AS,https://w3id.org/openim/ontology/position-lent-as,position_lent_as,yes,1,relationship-cardinality;relationship-label,label 'POSITION_LENT_AS' written as 'position_lent_as'
https://w3id.org/openim/ontology/predecessor-gp-in,object_property,PREDECESSOR_GP_IN,https://w3id.org/openim/ontology/predecessor-gp-in,predecessor_gp_in,yes,1,relationship-cardinality;relationship-label,label 'PREDECESSOR_GP_IN' written as 'predecessor_gp_in'
https://w3id.org/openim/ontology/provided-by,object_property,PROVIDED_BY,https://w3id.org/openim/ontology/provided-by,provided_by,yes,1,relationship-cardinality;relationship-label,label 'PROVIDED_BY' written as 'provided_by'
https://w3id.org/openim/ontology/provides,object_property,PROVIDES,https://w3id.org/openim/ontology/provides,provides,yes,1,relationship-cardinality;relationship-label,label 'PROVIDES' written as 'provides'
https://w3id.org/openim/ontology/real-asset-has,object_property,REAL_ASSET_HAS,https://w3id.org/openim/ontology/playground/real-asset-has_RA-01_RA-02;https://w3id.org/openim/ontology/playground/real-asset-has_RA-01_RA-03;https://w3id.org/openim/ontology/playground/real-asset-has_RA-01_RA-04;https://w3id.org/openim/ontology/playground/real-asset-has_RA-01_RA-05,real_asset_has,expanded,4,inverse-pairing;relationship-cardinality;relationship-label;union-expand,"the Playground reads one class as domain and one as range; drawn as 4 relationships, one relationship per member class pair; the verb itself is not drawn"
https://w3id.org/openim/ontology/references-benchmark,object_property,REFERENCES_BENCHMARK,https://w3id.org/openim/ontology/references-benchmark,references_benchmark,yes,1,relationship-cardinality;relationship-label,label 'REFERENCES_BENCHMARK' written as 'references_benchmark'
https://w3id.org/openim/ontology/related-party-of,object_property,RELATED_PARTY_OF,https://w3id.org/openim/ontology/related-party-of,related_party_of,yes,1,relationship-cardinality;relationship-label,label 'RELATED_PARTY_OF' written as 'related_party_of'
https://w3id.org/openim/ontology/related-to-party,object_property,RELATED_TO_PARTY,https://w3id.org/openim/ontology/related-to-party,related_to_party,yes,1,relationship-cardinality;relationship-label,label 'RELATED_TO_PARTY' written as 'related_to_party'
https://w3id.org/openim/ontology/result-instrument-of,object_property,RESULT_INSTRUMENT_OF,https://w3id.org/openim/ontology/result-instrument-of,result_instrument_of,yes,1,relationship-cardinality;relationship-label,label 'RESULT_INSTRUMENT_OF' written as 'result_instrument_of'
https://w3id.org/openim/ontology/results-in-instrument,object_property,RESULTS_IN_INSTRUMENT,https://w3id.org/openim/ontology/results-in-instrument,results_in_instrument,yes,1,relationship-cardinality;relationship-label,label 'RESULTS_IN_INSTRUMENT' written as 'results_in_instrument'
https://w3id.org/openim/ontology/scenario-for,object_property,SCENARIO_FOR,https://w3id.org/openim/ontology/scenario-for,scenario_for,yes,1,relationship-cardinality;relationship-label,label 'SCENARIO_FOR' written as 'scenario_for'
https://w3id.org/openim/ontology/share-class-includes,object_property,SHARE_CLASS_INCLUDES,https://w3id.org/openim/ontology/playground/share-class-includes_FO-02_E-07;https://w3id.org/openim/ontology/playground/share-class-includes_FO-02_FO-03;https://w3id.org/openim/ontology/playground/share-class-includes_FO-02_FO-04;https://w3id.org/openim/ontology/playground/share-class-includes_FO-02_FO-05;https://w3id.org/openim/ontology/playground/share-class-includes_FO-02_FO-06;https://w3id.org/openim/ontology/playground/share-class-includes_FO-02_FO-09;https://w3id.org/openim/ontology/playground/share-class-includes_FO-02_FO-10;https://w3id.org/openim/ontology/playground/share-class-includes_FO-02_FO-11,share_class_includes,expanded,8,inverse-pairing;relationship-cardinality;relationship-label;union-expand,"the Playground reads one class as domain and one as range; drawn as 8 relationships, one relationship per member class pair; the verb itself is not drawn"
https://w3id.org/openim/ontology/specialised-by,object_property,SPECIALISED_BY,https://w3id.org/openim/ontology/playground/specialised-by_E-01_PM-02;https://w3id.org/openim/ontology/playground/specialised-by_E-01_PM-03;https://w3id.org/openim/ontology/playground/specialised-by_E-01_PM-04;https://w3id.org/openim/ontology/playground/specialised-by_E-02_DR-01;https://w3id.org/openim/ontology/playground/specialised-by_E-02_DR-02;https://w3id.org/openim/ontology/playground/specialised-by_E-02_FO-01;https://w3id.org/openim/ontology/playground/specialised-by_E-02_FO-02;https://w3id.org/openim/ontology/playground/specialised-by_E-02_PB-01;https://w3id.org/openim/ontology/playground/specialised-by_E-02_PB-02;https://w3id.org/openim/ontology/playground/specialised-by_E-02_PB-08;https://w3id.org/openim/ontology/playground/specialised-by_E-02_PM-01;https://w3id.org/openim/ontology/playground/specialised-by_E-02_PM-14;https://w3id.org/openim/ontology/playground/specialised-by_E-02_RA-01;https://w3id.org/openim/ontology/playground/specialised-by_E-03_PM-13;https://w3id.org/openim/ontology/playground/specialised-by_E-04_FO-03;https://w3id.org/openim/ontology/playground/specialised-by_E-04_PB-10;https://w3id.org/openim/ontology/playground/specialised-by_E-04_PM-09;https://w3id.org/openim/ontology/playground/specialised-by_E-05_FO-04;https://w3id.org/openim/ontology/playground/specialised-by_E-05_FO-05;https://w3id.org/openim/ontology/playground/specialised-by_E-05_FO-10;https://w3id.org/openim/ontology/playground/specialised-by_E-05_PB-03;https://w3id.org/openim/ontology/playground/specialised-by_E-05_PB-04;https://w3id.org/openim/ontology/playground/specialised-by_E-05_PB-05;https://w3id.org/openim/ontology/playground/specialised-by_E-05_PB-06;https://w3id.org/openim/ontology/playground/specialised-by_E-05_PB-07;https://w3id.org/openim/ontology/playground/specialised-by_E-05_PB-11;https://w3id.org/openim/ontology/playground/specialised-by_E-05_PM-07;https://w3id.org/openim/ontology/playground/specialised-by_E-05_PM-08;https://w3id.org/openim/ontology/playground/specialised-by_E-07_FO-06;https://w3id.org/openim/ontology/playground/specialised-by_E-07_RA-05;https://w3id.org/openim/ontology/playground/specialised-by_E-10_PB-09;https://w3id.org/openim/ontology/playground/specialised-by_E-10_PM-12;https://w3id.org/openim/ontology/playground/specialised-by_E-15_FO-07;https://w3id.org/openim/ontology/playground/specialised-by_E-25_FO-09,specialised_by,expanded,34,inverse-pairing;relationship-cardinality;relationship-label;union-pairs-from-subclass,"the Playground reads one class as domain and one as range; drawn as 34 relationships, one relationship per pair the source states as rdfs:subClassOf; the verb itself is not drawn"
https://w3id.org/openim/ontology/specialises,object_property,SPECIALISES,https://w3id.org/openim/ontology/playground/specialises_DR-01_E-02;https://w3id.org/openim/ontology/playground/specialises_DR-02_E-02;https://w3id.org/openim/ontology/playground/specialises_FO-01_E-02;https://w3id.org/openim/ontology/playground/specialises_FO-02_E-02;https://w3id.org/openim/ontology/playground/specialises_FO-03_E-04;https://w3id.org/openim/ontology/playground/specialises_FO-04_E-05;https://w3id.org/openim/ontology/playground/specialises_FO-05_E-05;https://w3id.org/openim/ontology/playground/specialises_FO-06_E-07;https://w3id.org/openim/ontology/playground/specialises_FO-07_E-15;https://w3id.org/openim/ontology/playground/specialises_FO-09_E-25;https://w3id.org/openim/ontology/playground/specialises_FO-10_E-05;https://w3id.org/openim/ontology/playground/specialises_PB-01_E-02;https://w3id.org/openim/ontology/playground/specialises_PB-02_E-02;https://w3id.org/openim/ontology/playground/specialises_PB-03_E-05;https://w3id.org/openim/ontology/playground/specialises_PB-04_E-05;https://w3id.org/openim/ontology/playground/specialises_PB-05_E-05;https://w3id.org/openim/ontology/playground/specialises_PB-06_E-05;https://w3id.org/openim/ontology/playground/specialises_PB-07_E-05;https://w3id.org/openim/ontology/playground/specialises_PB-08_E-02;https://w3id.org/openim/ontology/playground/specialises_PB-09_E-10;https://w3id.org/openim/ontology/playground/specialises_PB-10_E-04;https://w3id.org/openim/ontology/playground/specialises_PB-11_E-05;https://w3id.org/openim/ontology/playground/specialises_PM-01_E-02;https://w3id.org/openim/ontology/playground/specialises_PM-02_E-01;https://w3id.org/openim/ontology/playground/specialises_PM-03_E-01;https://w3id.org/openim/ontology/playground/specialises_PM-04_E-01;https://w3id.org/openim/ontology/playground/specialises_PM-07_E-05;https://w3id.org/openim/ontology/playground/specialises_PM-08_E-05;https://w3id.org/openim/ontology/playground/specialises_PM-09_E-04;https://w3id.org/openim/ontology/playground/specialises_PM-12_E-10;https://w3id.org/openim/ontology/playground/specialises_PM-13_E-03;https://w3id.org/openim/ontology/playground/specialises_PM-14_E-02;https://w3id.org/openim/ontology/playground/specialises_RA-01_E-02;https://w3id.org/openim/ontology/playground/specialises_RA-05_E-07,specialises,expanded,34,inverse-pairing;relationship-cardinality;relationship-label;union-pairs-from-subclass,"the Playground reads one class as domain and one as range; drawn as 34 relationships, one relationship per pair the source states as rdfs:subClassOf; the verb itself is not drawn"
https://w3id.org/openim/ontology/sub-portfolio-of,object_property,SUB_PORTFOLIO_OF,https://w3id.org/openim/ontology/sub-portfolio-of,sub_portfolio_of,yes,1,relationship-cardinality;relationship-label,label 'SUB_PORTFOLIO_OF' written as 'sub_portfolio_of'
https://w3id.org/openim/ontology/subfund-of,object_property,SUBFUND_OF,https://w3id.org/openim/ontology/subfund-of,subfund_of,yes,1,relationship-cardinality;relationship-label,label 'SUBFUND_OF' written as 'subfund_of'
https://w3id.org/openim/ontology/subject-of,object_property,SUBJECT_OF,https://w3id.org/openim/ontology/playground/subject-of_E-01_E-15;https://w3id.org/openim/ontology/playground/subject-of_E-02_E-15;https://w3id.org/openim/ontology/playground/subject-of_E-03_E-15;https://w3id.org/openim/ontology/playground/subject-of_E-04_E-15;https://w3id.org/openim/ontology/playground/subject-of_PM-01_E-15;https://w3id.org/openim/ontology/playground/subject-of_PM-09_E-15,subject_of,expanded,6,inverse-pairing;relationship-cardinality;relationship-label;union-expand,"the Playground reads one class as domain and one as range; drawn as 6 relationships, one relationship per member class pair; the verb itself is not drawn"
https://w3id.org/openim/ontology/subsidiary-of,object_property,SUBSIDIARY_OF,https://w3id.org/openim/ontology/subsidiary-of,subsidiary_of,yes,1,relationship-cardinality;relationship-label,label 'SUBSIDIARY_OF' written as 'subsidiary_of'
https://w3id.org/openim/ontology/succeeded-by,object_property,SUCCEEDED_BY,https://w3id.org/openim/ontology/succeeded-by,succeeded_by,yes,1,relationship-cardinality;relationship-label,label 'SUCCEEDED_BY' written as 'succeeded_by'
https://w3id.org/openim/ontology/succeeds,object_property,SUCCEEDS,https://w3id.org/openim/ontology/succeeds,succeeds,yes,1,relationship-cardinality;relationship-label,label 'SUCCEEDS' written as 'succeeds'
https://w3id.org/openim/ontology/successor-gp-in,object_property,SUCCESSOR_GP_IN,https://w3id.org/openim/ontology/successor-gp-in,successor_gp_in,yes,1,relationship-cardinality;relationship-label,label 'SUCCESSOR_GP_IN' written as 'successor_gp_in'
https://w3id.org/openim/ontology/superseded-by,object_property,SUPERSEDED_BY,https://w3id.org/openim/ontology/superseded-by,superseded_by,yes,1,relationship-cardinality;relationship-label,label 'SUPERSEDED_BY' written as 'superseded_by'
https://w3id.org/openim/ontology/supersedes,object_property,SUPERSEDES,https://w3id.org/openim/ontology/supersedes,supersedes,yes,1,relationship-cardinality;relationship-label,label 'SUPERSEDES' written as 'supersedes'
https://w3id.org/openim/ontology/target-party-in,object_property,TARGET_PARTY_IN,https://w3id.org/openim/ontology/target-party-in,target_party_in,yes,1,relationship-cardinality;relationship-label,label 'TARGET_PARTY_IN' written as 'target_party_in'
https://w3id.org/openim/ontology/tenant-of,object_property,TENANT_OF,https://w3id.org/openim/ontology/tenant-of,tenant_of,yes,1,relationship-cardinality;relationship-label,label 'TENANT_OF' written as 'tenant_of'
https://w3id.org/openim/ontology/terms-version-has,object_property,TERMS_VERSION_HAS,https://w3id.org/openim/ontology/terms-version-has,terms_version_has,yes,1,relationship-cardinality;relationship-label,label 'TERMS_VERSION_HAS' written as 'terms_version_has'
https://w3id.org/openim/ontology/type-has-value,object_property,TYPE_HAS_VALUE,https://w3id.org/openim/ontology/type-has-value,type_has_value,yes,1,relationship-cardinality;relationship-label,label 'TYPE_HAS_VALUE' written as 'type_has_value'
https://w3id.org/openim/ontology/umbrella-of,object_property,UMBRELLA_OF,https://w3id.org/openim/ontology/umbrella-of,umbrella_of,yes,1,relationship-cardinality;relationship-label,label 'UMBRELLA_OF' written as 'umbrella_of'
https://w3id.org/openim/ontology/under-ap-agreement,object_property,UNDER_AP_AGREEMENT,https://w3id.org/openim/ontology/under-ap-agreement,under_ap_agreement,yes,1,relationship-cardinality;relationship-label,label 'UNDER_AP_AGREEMENT' written as 'under_ap_agreement'
https://w3id.org/openim/ontology/under-clearing-relationship,object_property,UNDER_CLEARING_RELATIONSHIP,https://w3id.org/openim/ontology/under-clearing-relationship,under_clearing_relationship,yes,1,relationship-cardinality;relationship-label,label 'UNDER_CLEARING_RELATIONSHIP' written as 'under_clearing_relationship'
https://w3id.org/openim/ontology/under-master-agreement,object_property,UNDER_MASTER_AGREEMENT,https://w3id.org/openim/ontology/playground/under-master-agreement_DR-02_DR-03;https://w3id.org/openim/ontology/playground/under-master-agreement_DR-04_DR-03,under_master_agreement,expanded,2,inverse-pairing;relationship-cardinality;relationship-label;union-expand,"the Playground reads one class as domain and one as range; drawn as 2 relationships, one relationship per member class pair; the verb itself is not drawn"
https://w3id.org/openim/ontology/under-scenario,object_property,UNDER_SCENARIO,https://w3id.org/openim/ontology/under-scenario,under_scenario,yes,1,relationship-cardinality;relationship-label,label 'UNDER_SCENARIO' written as 'under_scenario'
https://w3id.org/openim/ontology/under-terms-version,object_property,UNDER_TERMS_VERSION,https://w3id.org/openim/ontology/under-terms-version,under_terms_version,yes,1,relationship-cardinality;relationship-label,label 'UNDER_TERMS_VERSION' written as 'under_terms_version'
https://w3id.org/openim/ontology/underlying-index-is,object_property,UNDERLYING_INDEX_IS,https://w3id.org/openim/ontology/playground/underlying-index-is_DR-01_E-10;https://w3id.org/openim/ontology/playground/underlying-index-is_DR-02_E-10,underlying_index_is,expanded,2,inverse-pairing;relationship-cardinality;relationship-label;union-expand,"the Playground reads one class as domain and one as range; drawn as 2 relationships, one relationship per member class pair; the verb itself is not drawn"
https://w3id.org/openim/ontology/underlying-index-of,object_property,UNDERLYING_INDEX_OF,https://w3id.org/openim/ontology/playground/underlying-index-of_E-10_DR-01;https://w3id.org/openim/ontology/playground/underlying-index-of_E-10_DR-02,underlying_index_of,expanded,2,inverse-pairing;relationship-cardinality;relationship-label;union-expand,"the Playground reads one class as domain and one as range; drawn as 2 relationships, one relationship per member class pair; the verb itself is not drawn"
https://w3id.org/openim/ontology/underlying-instrument-of,object_property,UNDERLYING_INSTRUMENT_OF,https://w3id.org/openim/ontology/playground/underlying-instrument-of_E-02_DR-01;https://w3id.org/openim/ontology/playground/underlying-instrument-of_E-02_DR-02,underlying_instrument_of,expanded,2,inverse-pairing;relationship-cardinality;relationship-label;union-expand,"the Playground reads one class as domain and one as range; drawn as 2 relationships, one relationship per member class pair; the verb itself is not drawn"
https://w3id.org/openim/ontology/underlying-is,object_property,UNDERLYING_IS,https://w3id.org/openim/ontology/playground/underlying-is_DR-01_E-02;https://w3id.org/openim/ontology/playground/underlying-is_DR-02_E-02,underlying_is,expanded,2,inverse-pairing;relationship-cardinality;relationship-label;union-expand,"the Playground reads one class as domain and one as range; drawn as 2 relationships, one relationship per member class pair; the verb itself is not drawn"
https://w3id.org/openim/ontology/unitholding-has,object_property,UNITHOLDING_HAS,https://w3id.org/openim/ontology/playground/unitholding-has_FO-03_FO-04;https://w3id.org/openim/ontology/playground/unitholding-has_FO-03_FO-07,unitholding_has,expanded,2,inverse-pairing;relationship-cardinality;relationship-label;union-expand,"the Playground reads one class as domain and one as range; drawn as 2 relationships, one relationship per member class pair; the verb itself is not drawn"
https://w3id.org/openim/ontology/uses-basket,object_property,USES_BASKET,https://w3id.org/openim/ontology/uses-basket,uses_basket,yes,1,relationship-cardinality;relationship-label,label 'USES_BASKET' written as 'uses_basket'
https://w3id.org/openim/ontology/valuation-of,object_property,VALUATION_OF,https://w3id.org/openim/ontology/valuation-of,valuation_of,yes,1,relationship-cardinality;relationship-label,label 'VALUATION_OF' written as 'valuation_of'
https://w3id.org/openim/ontology/value-of-type,object_property,VALUE_OF_TYPE,https://w3id.org/openim/ontology/value-of-type,value_of_type,yes,1,relationship-cardinality;relationship-label,label 'VALUE_OF_TYPE' written as 'value_of_type'
https://w3id.org/openim/ontology/valued-by,object_property,VALUED_BY,https://w3id.org/openim/ontology/valued-by,valued_by,yes,1,relationship-cardinality;relationship-label,label 'VALUED_BY' written as 'valued_by'
https://w3id.org/openim/ontology/valuer-of,object_property,VALUER_OF,https://w3id.org/openim/ontology/valuer-of,valuer_of,yes,1,relationship-cardinality;relationship-label,label 'VALUER_OF' written as 'valuer_of'
https://w3id.org/openim/ontology/vehicle-holds,object_property,VEHICLE_HOLDS,https://w3id.org/openim/ontology/vehicle-holds,vehicle_holds,yes,1,relationship-cardinality;relationship-label,label 'VEHICLE_HOLDS' written as 'vehicle_holds'
https://w3id.org/openim/ontology/via-broker,object_property,VIA_BROKER,https://w3id.org/openim/ontology/playground/via-broker_PB-03_E-01;https://w3id.org/openim/ontology/playground/via-broker_PB-04_E-01,via_broker,expanded,2,inverse-pairing;relationship-cardinality;relationship-label;union-expand,"the Playground reads one class as domain and one as range; drawn as 2 relationships, one relationship per member class pair; the verb itself is not drawn"
https://w3id.org/openim/ontology/via-intermediary,object_property,VIA_INTERMEDIARY,https://w3id.org/openim/ontology/via-intermediary,via_intermediary,yes,1,relationship-cardinality;relationship-label,label 'VIA_INTERMEDIARY' written as 'via_intermediary'
https://w3id.org/openim/ontology/DR-01#contract_multiplier,datatype_property,DR-01.contract_multiplier,https://w3id.org/openim/ontology/DR-01#contract_multiplier,contract_multiplier,yes,1,,
https://w3id.org/openim/ontology/DR-01#derivative_type,datatype_property,DR-01.derivative_type,https://w3id.org/openim/ontology/DR-01#derivative_type,derivative_type,yes,1,,
https://w3id.org/openim/ontology/DR-01#exchange_symbol,datatype_property,DR-01.exchange_symbol,https://w3id.org/openim/ontology/DR-01#exchange_symbol,exchange_symbol,yes,1,,
https://w3id.org/openim/ontology/DR-01#exercise_style,datatype_property,DR-01.exercise_style,https://w3id.org/openim/ontology/DR-01#exercise_style,exercise_style,yes,1,,
https://w3id.org/openim/ontology/DR-01#expiry_date,datatype_property,DR-01.expiry_date,https://w3id.org/openim/ontology/DR-01#expiry_date,expiry_date,yes,1,,
https://w3id.org/openim/ontology/DR-01#option_right,datatype_property,DR-01.option_right,https://w3id.org/openim/ontology/DR-01#option_right,option_right,yes,1,,
https://w3id.org/openim/ontology/DR-01#settlement_method,datatype_property,DR-01.settlement_method,https://w3id.org/openim/ontology/DR-01#settlement_method,settlement_method,yes,1,,
https://w3id.org/openim/ontology/DR-01#strike_price,datatype_property,DR-01.strike_price,https://w3id.org/openim/ontology/DR-01#strike_price,strike_price,yes,1,,
https://w3id.org/openim/ontology/DR-01#tick_size,datatype_property,DR-01.tick_size,https://w3id.org/openim/ontology/DR-01#tick_size,tick_size,yes,1,,
https://w3id.org/openim/ontology/DR-01#underlying_type,datatype_property,DR-01.underlying_type,https://w3id.org/openim/ontology/DR-01#underlying_type,underlying_type,yes,1,,
https://w3id.org/openim/ontology/DR-02#cdm_trade_ref,datatype_property,DR-02.cdm_trade_ref,https://w3id.org/openim/ontology/DR-02#cdm_trade_ref,cdm_trade_ref,yes,1,,
https://w3id.org/openim/ontology/DR-02#clearing_status,datatype_property,DR-02.clearing_status,https://w3id.org/openim/ontology/DR-02#clearing_status,clearing_status,yes,1,,
https://w3id.org/openim/ontology/DR-02#derivative_sub_type,datatype_property,DR-02.derivative_sub_type,https://w3id.org/openim/ontology/DR-02#derivative_sub_type,derivative_sub_type,yes,1,,
https://w3id.org/openim/ontology/DR-02#derivative_type,datatype_property,DR-02.derivative_type,https://w3id.org/openim/ontology/DR-02#derivative_type,derivative_type,yes,1,,
https://w3id.org/openim/ontology/DR-02#effective_date,datatype_property,DR-02.effective_date,https://w3id.org/openim/ontology/DR-02#effective_date,effective_date,yes,1,,
https://w3id.org/openim/ontology/DR-02#maturity_date,datatype_property,DR-02.maturity_date,https://w3id.org/openim/ontology/DR-02#maturity_date,maturity_date,yes,1,,
https://w3id.org/openim/ontology/DR-02#notional_amount,datatype_property,DR-02.notional_amount,https://w3id.org/openim/ontology/DR-02#notional_amount,notional_amount,yes,1,,
https://w3id.org/openim/ontology/DR-02#notional_currency,datatype_property,DR-02.notional_currency,https://w3id.org/openim/ontology/DR-02#notional_currency,notional_currency,yes,1,,
https://w3id.org/openim/ontology/DR-02#pay_leg,datatype_property,DR-02.pay_leg,https://w3id.org/openim/ontology/DR-02#pay_leg,pay_leg,yes,1,property-type-literal,
https://w3id.org/openim/ontology/DR-02#receive_leg,datatype_property,DR-02.receive_leg,https://w3id.org/openim/ontology/DR-02#receive_leg,receive_leg,yes,1,property-type-literal,
https://w3id.org/openim/ontology/DR-02#trade_date,datatype_property,DR-02.trade_date,https://w3id.org/openim/ontology/DR-02#trade_date,trade_date,yes,1,,
https://w3id.org/openim/ontology/DR-02#underlying_type,datatype_property,DR-02.underlying_type,https://w3id.org/openim/ontology/DR-02#underlying_type,underlying_type,yes,1,,
https://w3id.org/openim/ontology/DR-03#agreement_date,datatype_property,DR-03.agreement_date,https://w3id.org/openim/ontology/DR-03#agreement_date,agreement_date,yes,1,,
https://w3id.org/openim/ontology/DR-03#agreement_type,datatype_property,DR-03.agreement_type,https://w3id.org/openim/ontology/DR-03#agreement_type,agreement_type,yes,1,,
https://w3id.org/openim/ontology/DR-03#base_currency,datatype_property,DR-03.base_currency,https://w3id.org/openim/ontology/DR-03#base_currency,base_currency,yes,1,,
https://w3id.org/openim/ontology/DR-03#csa_id,datatype_property,DR-03.csa_id,https://w3id.org/openim/ontology/DR-03#csa_id,csa_id,yes,1,,
https://w3id.org/openim/ontology/DR-03#csa_law_form,datatype_property,DR-03.csa_law_form,https://w3id.org/openim/ontology/DR-03#csa_law_form,csa_law_form,yes,1,,
https://w3id.org/openim/ontology/DR-03#csa_type,datatype_property,DR-03.csa_type,https://w3id.org/openim/ontology/DR-03#csa_type,csa_type,yes,1,,
https://w3id.org/openim/ontology/DR-03#direction,datatype_property,DR-03.direction,https://w3id.org/openim/ontology/DR-03#direction,direction,yes,1,,
https://w3id.org/openim/ontology/DR-03#eligible_collateral,datatype_property,DR-03.eligible_collateral,https://w3id.org/openim/ontology/DR-03#eligible_collateral,eligible_collateral,yes,1,property-type-literal,
https://w3id.org/openim/ontology/DR-03#governing_law,datatype_property,DR-03.governing_law,https://w3id.org/openim/ontology/DR-03#governing_law,governing_law,yes,1,,
https://w3id.org/openim/ontology/DR-03#independent_amount,datatype_property,DR-03.independent_amount,https://w3id.org/openim/ontology/DR-03#independent_amount,independent_amount,yes,1,,
https://w3id.org/openim/ontology/DR-03#margin_type,datatype_property,DR-03.margin_type,https://w3id.org/openim/ontology/DR-03#margin_type,margin_type,yes,1,,
https://w3id.org/openim/ontology/DR-03#master_agreement_id,datatype_property,DR-03.master_agreement_id,https://w3id.org/openim/ontology/DR-03#master_agreement_id,master_agreement_id,yes,1,identifier-key,
https://w3id.org/openim/ontology/DR-03#minimum_transfer_amount,datatype_property,DR-03.minimum_transfer_amount,https://w3id.org/openim/ontology/DR-03#minimum_transfer_amount,minimum_transfer_amount,yes,1,,
https://w3id.org/openim/ontology/DR-03#netting_enforceable,datatype_property,DR-03.netting_enforceable,https://w3id.org/openim/ontology/DR-03#netting_enforceable,netting_enforceable,yes,1,,
https://w3id.org/openim/ontology/DR-03#status,datatype_property,DR-03.status,https://w3id.org/openim/ontology/DR-03#status,status,yes,1,,
https://w3id.org/openim/ontology/DR-03#threshold_amount,datatype_property,DR-03.threshold_amount,https://w3id.org/openim/ontology/DR-03#threshold_amount,threshold_amount,yes,1,,
https://w3id.org/openim/ontology/DR-03#valuation_agent,datatype_property,DR-03.valuation_agent,https://w3id.org/openim/ontology/DR-03#valuation_agent,valuation_agent,yes,1,,
https://w3id.org/openim/ontology/DR-04#as_of_date,datatype_property,DR-04.as_of_date,https://w3id.org/openim/ontology/DR-04#as_of_date,as_of_date,yes,1,,
https://w3id.org/openim/ontology/DR-04#balance_id,datatype_property,DR-04.balance_id,https://w3id.org/openim/ontology/DR-04#balance_id,balance_id,yes,1,identifier-key,
https://w3id.org/openim/ontology/DR-04#collateral_currency,datatype_property,DR-04.collateral_currency,https://w3id.org/openim/ontology/DR-04#collateral_currency,collateral_currency,yes,1,,
https://w3id.org/openim/ontology/DR-04#collateral_posted_usd,datatype_property,DR-04.collateral_posted_usd,https://w3id.org/openim/ontology/DR-04#collateral_posted_usd,collateral_posted_usd,yes,1,,
https://w3id.org/openim/ontology/DR-04#collateral_received_usd,datatype_property,DR-04.collateral_received_usd,https://w3id.org/openim/ontology/DR-04#collateral_received_usd,collateral_received_usd,yes,1,,
https://w3id.org/openim/ontology/DR-04#disputed,datatype_property,DR-04.disputed,https://w3id.org/openim/ontology/DR-04#disputed,disputed,yes,1,,
https://w3id.org/openim/ontology/DR-04#margin_call_usd,datatype_property,DR-04.margin_call_usd,https://w3id.org/openim/ontology/DR-04#margin_call_usd,margin_call_usd,yes,1,,
https://w3id.org/openim/ontology/DR-04#margin_required_usd,datatype_property,DR-04.margin_required_usd,https://w3id.org/openim/ontology/DR-04#margin_required_usd,margin_required_usd,yes,1,,
https://w3id.org/openim/ontology/DR-04#margin_type,datatype_property,DR-04.margin_type,https://w3id.org/openim/ontology/DR-04#margin_type,margin_type,yes,1,,
https://w3id.org/openim/ontology/DR-04#net_exposure_usd,datatype_property,DR-04.net_exposure_usd,https://w3id.org/openim/ontology/DR-04#net_exposure_usd,net_exposure_usd,yes,1,,
https://w3id.org/openim/ontology/DR-04#relationship_type,datatype_property,DR-04.relationship_type,https://w3id.org/openim/ontology/DR-04#relationship_type,relationship_type,yes,1,,
https://w3id.org/openim/ontology/DR-04#segregated,datatype_property,DR-04.segregated,https://w3id.org/openim/ontology/DR-04#segregated,segregated,yes,1,,
https://w3id.org/openim/ontology/DR-05#asset_class_scope,datatype_property,DR-05.asset_class_scope,https://w3id.org/openim/ontology/DR-05#asset_class_scope,asset_class_scope,yes,1,,
https://w3id.org/openim/ontology/DR-05#clearing_account_ref,datatype_property,DR-05.clearing_account_ref,https://w3id.org/openim/ontology/DR-05#clearing_account_ref,clearing_account_ref,yes,1,,
https://w3id.org/openim/ontology/DR-05#clearing_agreement_date,datatype_property,DR-05.clearing_agreement_date,https://w3id.org/openim/ontology/DR-05#clearing_agreement_date,clearing_agreement_date,yes,1,,
https://w3id.org/openim/ontology/DR-05#clearing_model,datatype_property,DR-05.clearing_model,https://w3id.org/openim/ontology/DR-05#clearing_model,clearing_model,yes,1,,
https://w3id.org/openim/ontology/DR-05#clearing_relationship_id,datatype_property,DR-05.clearing_relationship_id,https://w3id.org/openim/ontology/DR-05#clearing_relationship_id,clearing_relationship_id,yes,1,identifier-key,
https://w3id.org/openim/ontology/DR-05#margin_basis,datatype_property,DR-05.margin_basis,https://w3id.org/openim/ontology/DR-05#margin_basis,margin_basis,yes,1,,
https://w3id.org/openim/ontology/DR-05#status,datatype_property,DR-05.status,https://w3id.org/openim/ontology/DR-05#status,status,yes,1,,
https://w3id.org/openim/ontology/E-01#domicile,datatype_property,E-01.domicile,https://w3id.org/openim/ontology/E-01#domicile,domicile,yes,1,,
https://w3id.org/openim/ontology/E-01#entity_id,datatype_property,E-01.entity_id,https://w3id.org/openim/ontology/E-01#entity_id,entity_id,yes,1,identifier-key,
https://w3id.org/openim/ontology/E-01#entity_name,datatype_property,E-01.entity_name,https://w3id.org/openim/ontology/E-01#entity_name,entity_name,yes,1,,
https://w3id.org/openim/ontology/E-01#entity_type,datatype_property,E-01.entity_type,https://w3id.org/openim/ontology/E-01#entity_type,entity_type,yes,1,,
https://w3id.org/openim/ontology/E-01#external_ids,datatype_property,E-01.external_ids,https://w3id.org/openim/ontology/E-01#external_ids,external_ids,yes,1,property-type-literal,
https://w3id.org/openim/ontology/E-01#first_seen_at,datatype_property,E-01.first_seen_at,https://w3id.org/openim/ontology/E-01#first_seen_at,first_seen_at,yes,1,,
https://w3id.org/openim/ontology/E-01#known_aliases,datatype_property,E-01.known_aliases,https://w3id.org/openim/ontology/E-01#known_aliases,known_aliases,yes,1,property-type-literal,
https://w3id.org/openim/ontology/E-01#lei,datatype_property,E-01.lei,https://w3id.org/openim/ontology/E-01#lei,lei,yes,1,,
https://w3id.org/openim/ontology/E-01#parent_entity_id,datatype_property,E-01.parent_entity_id,https://w3id.org/openim/ontology/E-01#parent_entity_id,parent_entity_id,yes,1,,
https://w3id.org/openim/ontology/E-01#party_relationship_type,datatype_property,E-01.party_relationship_type,https://w3id.org/openim/ontology/E-01#party_relationship_type,party_relationship_type,yes,1,,
https://w3id.org/openim/ontology/E-01#related_entity_id,datatype_property,E-01.related_entity_id,https://w3id.org/openim/ontology/E-01#related_entity_id,related_entity_id,yes,1,,
https://w3id.org/openim/ontology/E-01#status,datatype_property,E-01.status,https://w3id.org/openim/ontology/E-01#status,status,yes,1,,
https://w3id.org/openim/ontology/E-02#currency,datatype_property,E-02.currency,https://w3id.org/openim/ontology/E-02#currency,currency,yes,1,,
https://w3id.org/openim/ontology/E-02#external_ids,datatype_property,E-02.external_ids,https://w3id.org/openim/ontology/E-02#external_ids,external_ids,yes,1,property-type-literal,
https://w3id.org/openim/ontology/E-02#figi,datatype_property,E-02.figi,https://w3id.org/openim/ontology/E-02#figi,figi,yes,1,,
https://w3id.org/openim/ontology/E-02#instrument_class,datatype_property,E-02.instrument_class,https://w3id.org/openim/ontology/E-02#instrument_class,instrument_class,yes,1,,
https://w3id.org/openim/ontology/E-02#instrument_id,datatype_property,E-02.instrument_id,https://w3id.org/openim/ontology/E-02#instrument_id,instrument_id,yes,1,identifier-key,
https://w3id.org/openim/ontology/E-02#instrument_name,datatype_property,E-02.instrument_name,https://w3id.org/openim/ontology/E-02#instrument_name,instrument_name,yes,1,,
https://w3id.org/openim/ontology/E-02#isin,datatype_property,E-02.isin,https://w3id.org/openim/ontology/E-02#isin,isin,yes,1,,
https://w3id.org/openim/ontology/E-02#status,datatype_property,E-02.status,https://w3id.org/openim/ontology/E-02#status,status,yes,1,,
https://w3id.org/openim/ontology/E-03#base_currency,datatype_property,E-03.base_currency,https://w3id.org/openim/ontology/E-03#base_currency,base_currency,yes,1,,
https://w3id.org/openim/ontology/E-03#inception_date,datatype_property,E-03.inception_date,https://w3id.org/openim/ontology/E-03#inception_date,inception_date,yes,1,,
https://w3id.org/openim/ontology/E-03#mandate_objective,datatype_property,E-03.mandate_objective,https://w3id.org/openim/ontology/E-03#mandate_objective,mandate_objective,yes,1,,
https://w3id.org/openim/ontology/E-03#parent_portfolio_id,datatype_property,E-03.parent_portfolio_id,https://w3id.org/openim/ontology/E-03#parent_portfolio_id,parent_portfolio_id,yes,1,,
https://w3id.org/openim/ontology/E-03#portfolio_id,datatype_property,E-03.portfolio_id,https://w3id.org/openim/ontology/E-03#portfolio_id,portfolio_id,yes,1,identifier-key,
https://w3id.org/openim/ontology/E-03#portfolio_name,datatype_property,E-03.portfolio_name,https://w3id.org/openim/ontology/E-03#portfolio_name,portfolio_name,yes,1,,
https://w3id.org/openim/ontology/E-03#portfolio_type,datatype_property,E-03.portfolio_type,https://w3id.org/openim/ontology/E-03#portfolio_type,portfolio_type,yes,1,,
https://w3id.org/openim/ontology/E-03#status,datatype_property,E-03.status,https://w3id.org/openim/ontology/E-03#status,status,yes,1,,
https://w3id.org/openim/ontology/E-04#accrued_income_usd,datatype_property,E-04.accrued_income_usd,https://w3id.org/openim/ontology/E-04#accrued_income_usd,accrued_income_usd,yes,1,,
https://w3id.org/openim/ontology/E-04#as_of_date,datatype_property,E-04.as_of_date,https://w3id.org/openim/ontology/E-04#as_of_date,as_of_date,yes,1,,
https://w3id.org/openim/ontology/E-04#book,datatype_property,E-04.book,https://w3id.org/openim/ontology/E-04#book,book,yes,1,identifier-key,"column 2 of the entity's 2-column declared key (position_id, book); every key column is marked identifier (the Playground accepts several identifier properties and its Fabric export uses the first, so key columns are written first, in key order)"
https://w3id.org/openim/ontology/E-04#commitment_usd,datatype_property,E-04.commitment_usd,https://w3id.org/openim/ontology/E-04#commitment_usd,commitment_usd,yes,1,,
https://w3id.org/openim/ontology/E-04#cost_basis_usd,datatype_property,E-04.cost_basis_usd,https://w3id.org/openim/ontology/E-04#cost_basis_usd,cost_basis_usd,yes,1,,
https://w3id.org/openim/ontology/E-04#currency,datatype_property,E-04.currency,https://w3id.org/openim/ontology/E-04#currency,currency,yes,1,,
https://w3id.org/openim/ontology/E-04#market_value_usd,datatype_property,E-04.market_value_usd,https://w3id.org/openim/ontology/E-04#market_value_usd,market_value_usd,yes,1,,
https://w3id.org/openim/ontology/E-04#position_id,datatype_property,E-04.position_id,https://w3id.org/openim/ontology/E-04#position_id,position_id,yes,1,identifier-key,"column 1 of the entity's 2-column declared key (position_id, book); every key column is marked identifier (the Playground accepts several identifier properties and its Fabric export uses the first, so key columns are written first, in key order)"
https://w3id.org/openim/ontology/E-04#quantity,datatype_property,E-04.quantity,https://w3id.org/openim/ontology/E-04#quantity,quantity,yes,1,,
https://w3id.org/openim/ontology/E-05#amount_usd,datatype_property,E-05.amount_usd,https://w3id.org/openim/ontology/E-05#amount_usd,amount_usd,yes,1,,
https://w3id.org/openim/ontology/E-05#quantity,datatype_property,E-05.quantity,https://w3id.org/openim/ontology/E-05#quantity,quantity,yes,1,,
https://w3id.org/openim/ontology/E-05#settlement_date,datatype_property,E-05.settlement_date,https://w3id.org/openim/ontology/E-05#settlement_date,settlement_date,yes,1,,
https://w3id.org/openim/ontology/E-05#source,datatype_property,E-05.source,https://w3id.org/openim/ontology/E-05#source,source,yes,1,,
https://w3id.org/openim/ontology/E-05#status,datatype_property,E-05.status,https://w3id.org/openim/ontology/E-05#status,status,yes,1,,
https://w3id.org/openim/ontology/E-05#trade_date,datatype_property,E-05.trade_date,https://w3id.org/openim/ontology/E-05#trade_date,trade_date,yes,1,,
https://w3id.org/openim/ontology/E-05#transaction_id,datatype_property,E-05.transaction_id,https://w3id.org/openim/ontology/E-05#transaction_id,transaction_id,yes,1,identifier-key,
https://w3id.org/openim/ontology/E-05#transaction_type,datatype_property,E-05.transaction_type,https://w3id.org/openim/ontology/E-05#transaction_type,transaction_type,yes,1,,
https://w3id.org/openim/ontology/E-06#amount,datatype_property,E-06.amount,https://w3id.org/openim/ontology/E-06#amount,amount,yes,1,,
https://w3id.org/openim/ontology/E-06#cash_flow_date,datatype_property,E-06.cash_flow_date,https://w3id.org/openim/ontology/E-06#cash_flow_date,cash_flow_date,yes,1,,
https://w3id.org/openim/ontology/E-06#cash_flow_id,datatype_property,E-06.cash_flow_id,https://w3id.org/openim/ontology/E-06#cash_flow_id,cash_flow_id,yes,1,identifier-key,
https://w3id.org/openim/ontology/E-06#cash_flow_type,datatype_property,E-06.cash_flow_type,https://w3id.org/openim/ontology/E-06#cash_flow_type,cash_flow_type,yes,1,,
https://w3id.org/openim/ontology/E-06#currency,datatype_property,E-06.currency,https://w3id.org/openim/ontology/E-06#currency,currency,yes,1,,
https://w3id.org/openim/ontology/E-06#direction,datatype_property,E-06.direction,https://w3id.org/openim/ontology/E-06#direction,direction,yes,1,,
https://w3id.org/openim/ontology/E-06#source,datatype_property,E-06.source,https://w3id.org/openim/ontology/E-06#source,source,yes,1,,
https://w3id.org/openim/ontology/E-07#confidence_score,datatype_property,E-07.confidence_score,https://w3id.org/openim/ontology/E-07#confidence_score,confidence_score,yes,1,,
https://w3id.org/openim/ontology/E-07#method,datatype_property,E-07.method,https://w3id.org/openim/ontology/E-07#method,method,yes,1,,
https://w3id.org/openim/ontology/E-07#source,datatype_property,E-07.source,https://w3id.org/openim/ontology/E-07#source,source,yes,1,,
https://w3id.org/openim/ontology/E-07#units_in_issue,datatype_property,E-07.units_in_issue,https://w3id.org/openim/ontology/E-07#units_in_issue,units_in_issue,yes,1,,
https://w3id.org/openim/ontology/E-07#valuation_date,datatype_property,E-07.valuation_date,https://w3id.org/openim/ontology/E-07#valuation_date,valuation_date,yes,1,,
https://w3id.org/openim/ontology/E-07#valuation_id,datatype_property,E-07.valuation_id,https://w3id.org/openim/ontology/E-07#valuation_id,valuation_id,yes,1,identifier-key,
https://w3id.org/openim/ontology/E-07#valuation_level,datatype_property,E-07.valuation_level,https://w3id.org/openim/ontology/E-07#valuation_level,valuation_level,yes,1,,
https://w3id.org/openim/ontology/E-07#value_usd,datatype_property,E-07.value_usd,https://w3id.org/openim/ontology/E-07#value_usd,value_usd,yes,1,,
https://w3id.org/openim/ontology/E-08#currency,datatype_property,E-08.currency,https://w3id.org/openim/ontology/E-08#currency,currency,yes,1,,
https://w3id.org/openim/ontology/E-08#data_type,datatype_property,E-08.data_type,https://w3id.org/openim/ontology/E-08#data_type,data_type,yes,1,,
https://w3id.org/openim/ontology/E-08#market_data_id,datatype_property,E-08.market_data_id,https://w3id.org/openim/ontology/E-08#market_data_id,market_data_id,yes,1,identifier-key,
https://w3id.org/openim/ontology/E-08#observation_date,datatype_property,E-08.observation_date,https://w3id.org/openim/ontology/E-08#observation_date,observation_date,yes,1,,
https://w3id.org/openim/ontology/E-08#provider,datatype_property,E-08.provider,https://w3id.org/openim/ontology/E-08#provider,provider,yes,1,,
https://w3id.org/openim/ontology/E-08#value,datatype_property,E-08.value,https://w3id.org/openim/ontology/E-08#value,value,yes,1,,
https://w3id.org/openim/ontology/E-09#asset_class_code,datatype_property,E-09.asset_class_code,https://w3id.org/openim/ontology/E-09#asset_class_code,asset_class_code,yes,1,,
https://w3id.org/openim/ontology/E-09#asset_class_key,datatype_property,E-09.asset_class_key,https://w3id.org/openim/ontology/E-09#asset_class_key,asset_class_key,yes,1,identifier-key,
https://w3id.org/openim/ontology/E-09#asset_class_label,datatype_property,E-09.asset_class_label,https://w3id.org/openim/ontology/E-09#asset_class_label,asset_class_label,yes,1,,
https://w3id.org/openim/ontology/E-09#effective_from,datatype_property,E-09.effective_from,https://w3id.org/openim/ontology/E-09#effective_from,effective_from,yes,1,,
https://w3id.org/openim/ontology/E-09#effective_to,datatype_property,E-09.effective_to,https://w3id.org/openim/ontology/E-09#effective_to,effective_to,yes,1,,
https://w3id.org/openim/ontology/E-09#markets,datatype_property,E-09.markets,https://w3id.org/openim/ontology/E-09#markets,markets,yes,1,,
https://w3id.org/openim/ontology/E-09#strategy_code,datatype_property,E-09.strategy_code,https://w3id.org/openim/ontology/E-09#strategy_code,strategy_code,yes,1,,
https://w3id.org/openim/ontology/E-09#sub_strategy_code,datatype_property,E-09.sub_strategy_code,https://w3id.org/openim/ontology/E-09#sub_strategy_code,sub_strategy_code,yes,1,,
https://w3id.org/openim/ontology/E-10#benchmark_id,datatype_property,E-10.benchmark_id,https://w3id.org/openim/ontology/E-10#benchmark_id,benchmark_id,yes,1,identifier-key,
https://w3id.org/openim/ontology/E-10#benchmark_kind,datatype_property,E-10.benchmark_kind,https://w3id.org/openim/ontology/E-10#benchmark_kind,benchmark_kind,yes,1,,
https://w3id.org/openim/ontology/E-10#benchmark_name,datatype_property,E-10.benchmark_name,https://w3id.org/openim/ontology/E-10#benchmark_name,benchmark_name,yes,1,,
https://w3id.org/openim/ontology/E-10#currency,datatype_property,E-10.currency,https://w3id.org/openim/ontology/E-10#currency,currency,yes,1,,
https://w3id.org/openim/ontology/E-10#methodology,datatype_property,E-10.methodology,https://w3id.org/openim/ontology/E-10#methodology,methodology,yes,1,,
https://w3id.org/openim/ontology/E-10#provider,datatype_property,E-10.provider,https://w3id.org/openim/ontology/E-10#provider,provider,yes,1,,
https://w3id.org/openim/ontology/E-10#vintage_year,datatype_property,E-10.vintage_year,https://w3id.org/openim/ontology/E-10#vintage_year,vintage_year,yes,1,,
https://w3id.org/openim/ontology/E-11#classification_type_code,datatype_property,E-11.classification_type_code,https://w3id.org/openim/ontology/E-11#classification_type_code,classification_type_code,yes,1,,
https://w3id.org/openim/ontology/E-11#classification_type_key,datatype_property,E-11.classification_type_key,https://w3id.org/openim/ontology/E-11#classification_type_key,classification_type_key,yes,1,identifier-key,
https://w3id.org/openim/ontology/E-11#classification_value_key,datatype_property,E-11.classification_value_key,https://w3id.org/openim/ontology/E-11#classification_value_key,classification_value_key,yes,1,,
https://w3id.org/openim/ontology/E-11#description,datatype_property,E-11.description,https://w3id.org/openim/ontology/E-11#description,description,yes,1,,
https://w3id.org/openim/ontology/E-11#effective_from,datatype_property,E-11.effective_from,https://w3id.org/openim/ontology/E-11#effective_from,effective_from,yes,1,,
https://w3id.org/openim/ontology/E-11#effective_to,datatype_property,E-11.effective_to,https://w3id.org/openim/ontology/E-11#effective_to,effective_to,yes,1,,
https://w3id.org/openim/ontology/E-11#owner,datatype_property,E-11.owner,https://w3id.org/openim/ontology/E-11#owner,owner,yes,1,,
https://w3id.org/openim/ontology/E-11#superseded_by_key,datatype_property,E-11.superseded_by_key,https://w3id.org/openim/ontology/E-11#superseded_by_key,superseded_by_key,yes,1,,
https://w3id.org/openim/ontology/E-11#value_code,datatype_property,E-11.value_code,https://w3id.org/openim/ontology/E-11#value_code,value_code,yes,1,,
https://w3id.org/openim/ontology/E-11#value_label,datatype_property,E-11.value_label,https://w3id.org/openim/ontology/E-11#value_label,value_label,yes,1,,
https://w3id.org/openim/ontology/E-12#classification_id,datatype_property,E-12.classification_id,https://w3id.org/openim/ontology/E-12#classification_id,classification_id,yes,1,identifier-key,
https://w3id.org/openim/ontology/E-12#confidence_tier,datatype_property,E-12.confidence_tier,https://w3id.org/openim/ontology/E-12#confidence_tier,confidence_tier,yes,1,,
https://w3id.org/openim/ontology/E-12#effective_from,datatype_property,E-12.effective_from,https://w3id.org/openim/ontology/E-12#effective_from,effective_from,yes,1,,
https://w3id.org/openim/ontology/E-12#effective_to,datatype_property,E-12.effective_to,https://w3id.org/openim/ontology/E-12#effective_to,effective_to,yes,1,,
https://w3id.org/openim/ontology/E-12#source_method,datatype_property,E-12.source_method,https://w3id.org/openim/ontology/E-12#source_method,source_method,yes,1,,
https://w3id.org/openim/ontology/E-12#subject_id,datatype_property,E-12.subject_id,https://w3id.org/openim/ontology/E-12#subject_id,subject_id,yes,1,,
https://w3id.org/openim/ontology/E-12#subject_type,datatype_property,E-12.subject_type,https://w3id.org/openim/ontology/E-12#subject_type,subject_type,yes,1,,
https://w3id.org/openim/ontology/E-13#alias_id,datatype_property,E-13.alias_id,https://w3id.org/openim/ontology/E-13#alias_id,alias_id,yes,1,identifier-key,
https://w3id.org/openim/ontology/E-13#alias_name,datatype_property,E-13.alias_name,https://w3id.org/openim/ontology/E-13#alias_name,alias_name,yes,1,,
https://w3id.org/openim/ontology/E-13#confirmed_by,datatype_property,E-13.confirmed_by,https://w3id.org/openim/ontology/E-13#confirmed_by,confirmed_by,yes,1,,
https://w3id.org/openim/ontology/E-13#first_seen_at,datatype_property,E-13.first_seen_at,https://w3id.org/openim/ontology/E-13#first_seen_at,first_seen_at,yes,1,,
https://w3id.org/openim/ontology/E-13#source,datatype_property,E-13.source,https://w3id.org/openim/ontology/E-13#source,source,yes,1,,
https://w3id.org/openim/ontology/E-13#subject_id,datatype_property,E-13.subject_id,https://w3id.org/openim/ontology/E-13#subject_id,subject_id,yes,1,,
https://w3id.org/openim/ontology/E-13#subject_type,datatype_property,E-13.subject_type,https://w3id.org/openim/ontology/E-13#subject_type,subject_type,yes,1,,
https://w3id.org/openim/ontology/E-14#external_id,datatype_property,E-14.external_id,https://w3id.org/openim/ontology/E-14#external_id,external_id,yes,1,,
https://w3id.org/openim/ontology/E-14#external_id_record,datatype_property,E-14.external_id_record,https://w3id.org/openim/ontology/E-14#external_id_record,external_id_record,yes,1,identifier-key,
https://w3id.org/openim/ontology/E-14#external_system,datatype_property,E-14.external_system,https://w3id.org/openim/ontology/E-14#external_system,external_system,yes,1,,
https://w3id.org/openim/ontology/E-14#id_type,datatype_property,E-14.id_type,https://w3id.org/openim/ontology/E-14#id_type,id_type,yes,1,,
https://w3id.org/openim/ontology/E-14#subject_id,datatype_property,E-14.subject_id,https://w3id.org/openim/ontology/E-14#subject_id,subject_id,yes,1,,
https://w3id.org/openim/ontology/E-14#subject_type,datatype_property,E-14.subject_type,https://w3id.org/openim/ontology/E-14#subject_type,subject_type,yes,1,,
https://w3id.org/openim/ontology/E-14#verified,datatype_property,E-14.verified,https://w3id.org/openim/ontology/E-14#verified,verified,yes,1,,
https://w3id.org/openim/ontology/E-15#as_of_date,datatype_property,E-15.as_of_date,https://w3id.org/openim/ontology/E-15#as_of_date,as_of_date,yes,1,,
https://w3id.org/openim/ontology/E-15#document_id,datatype_property,E-15.document_id,https://w3id.org/openim/ontology/E-15#document_id,document_id,yes,1,identifier-key,
https://w3id.org/openim/ontology/E-15#document_type,datatype_property,E-15.document_type,https://w3id.org/openim/ontology/E-15#document_type,document_type,yes,1,,
https://w3id.org/openim/ontology/E-15#filing_date,datatype_property,E-15.filing_date,https://w3id.org/openim/ontology/E-15#filing_date,filing_date,yes,1,,
https://w3id.org/openim/ontology/E-15#source,datatype_property,E-15.source,https://w3id.org/openim/ontology/E-15#source,source,yes,1,,
https://w3id.org/openim/ontology/E-15#storage_path,datatype_property,E-15.storage_path,https://w3id.org/openim/ontology/E-15#storage_path,storage_path,yes,1,,
https://w3id.org/openim/ontology/E-15#subject_id,datatype_property,E-15.subject_id,https://w3id.org/openim/ontology/E-15#subject_id,subject_id,yes,1,,
https://w3id.org/openim/ontology/E-15#subject_type,datatype_property,E-15.subject_type,https://w3id.org/openim/ontology/E-15#subject_type,subject_type,yes,1,,
https://w3id.org/openim/ontology/E-16#approved_by,datatype_property,E-16.approved_by,https://w3id.org/openim/ontology/E-16#approved_by,approved_by,yes,1,,
https://w3id.org/openim/ontology/E-16#effective_from,datatype_property,E-16.effective_from,https://w3id.org/openim/ontology/E-16#effective_from,effective_from,yes,1,,
https://w3id.org/openim/ontology/E-16#effective_to,datatype_property,E-16.effective_to,https://w3id.org/openim/ontology/E-16#effective_to,effective_to,yes,1,,
https://w3id.org/openim/ontology/E-16#enforcement,datatype_property,E-16.enforcement,https://w3id.org/openim/ontology/E-16#enforcement,enforcement,yes,1,,
https://w3id.org/openim/ontology/E-16#limit_id,datatype_property,E-16.limit_id,https://w3id.org/openim/ontology/E-16#limit_id,limit_id,yes,1,identifier-key,
https://w3id.org/openim/ontology/E-16#limit_type,datatype_property,E-16.limit_type,https://w3id.org/openim/ontology/E-16#limit_type,limit_type,yes,1,,
https://w3id.org/openim/ontology/E-16#measure,datatype_property,E-16.measure,https://w3id.org/openim/ontology/E-16#measure,measure,yes,1,,
https://w3id.org/openim/ontology/E-16#owner,datatype_property,E-16.owner,https://w3id.org/openim/ontology/E-16#owner,owner,yes,1,,
https://w3id.org/openim/ontology/E-16#scope_id,datatype_property,E-16.scope_id,https://w3id.org/openim/ontology/E-16#scope_id,scope_id,yes,1,,
https://w3id.org/openim/ontology/E-16#scope_type,datatype_property,E-16.scope_type,https://w3id.org/openim/ontology/E-16#scope_type,scope_type,yes,1,,
https://w3id.org/openim/ontology/E-16#threshold,datatype_property,E-16.threshold,https://w3id.org/openim/ontology/E-16#threshold,threshold,yes,1,,
https://w3id.org/openim/ontology/E-16#warning_level,datatype_property,E-16.warning_level,https://w3id.org/openim/ontology/E-16#warning_level,warning_level,yes,1,,
https://w3id.org/openim/ontology/E-17#description,datatype_property,E-17.description,https://w3id.org/openim/ontology/E-17#description,description,yes,1,,
https://w3id.org/openim/ontology/E-17#effective_from,datatype_property,E-17.effective_from,https://w3id.org/openim/ontology/E-17#effective_from,effective_from,yes,1,,
https://w3id.org/openim/ontology/E-17#effective_to,datatype_property,E-17.effective_to,https://w3id.org/openim/ontology/E-17#effective_to,effective_to,yes,1,,
https://w3id.org/openim/ontology/E-17#horizon,datatype_property,E-17.horizon,https://w3id.org/openim/ontology/E-17#horizon,horizon,yes,1,,
https://w3id.org/openim/ontology/E-17#owner,datatype_property,E-17.owner,https://w3id.org/openim/ontology/E-17#owner,owner,yes,1,,
https://w3id.org/openim/ontology/E-17#scenario_id,datatype_property,E-17.scenario_id,https://w3id.org/openim/ontology/E-17#scenario_id,scenario_id,yes,1,identifier-key,
https://w3id.org/openim/ontology/E-17#scenario_name,datatype_property,E-17.scenario_name,https://w3id.org/openim/ontology/E-17#scenario_name,scenario_name,yes,1,,
https://w3id.org/openim/ontology/E-17#scenario_type,datatype_property,E-17.scenario_type,https://w3id.org/openim/ontology/E-17#scenario_type,scenario_type,yes,1,,
https://w3id.org/openim/ontology/E-17#shock_set,datatype_property,E-17.shock_set,https://w3id.org/openim/ontology/E-17#shock_set,shock_set,yes,1,property-type-literal,
https://w3id.org/openim/ontology/E-18#breach_date,datatype_property,E-18.breach_date,https://w3id.org/openim/ontology/E-18#breach_date,breach_date,yes,1,,
https://w3id.org/openim/ontology/E-18#breach_id,datatype_property,E-18.breach_id,https://w3id.org/openim/ontology/E-18#breach_id,breach_id,yes,1,identifier-key,
https://w3id.org/openim/ontology/E-18#breach_severity,datatype_property,E-18.breach_severity,https://w3id.org/openim/ontology/E-18#breach_severity,breach_severity,yes,1,,
https://w3id.org/openim/ontology/E-18#observed_value,datatype_property,E-18.observed_value,https://w3id.org/openim/ontology/E-18#observed_value,observed_value,yes,1,,
https://w3id.org/openim/ontology/E-18#resolution_note,datatype_property,E-18.resolution_note,https://w3id.org/openim/ontology/E-18#resolution_note,resolution_note,yes,1,,
https://w3id.org/openim/ontology/E-18#resolved_date,datatype_property,E-18.resolved_date,https://w3id.org/openim/ontology/E-18#resolved_date,resolved_date,yes,1,,
https://w3id.org/openim/ontology/E-18#status,datatype_property,E-18.status,https://w3id.org/openim/ontology/E-18#status,status,yes,1,,
https://w3id.org/openim/ontology/E-18#threshold_value,datatype_property,E-18.threshold_value,https://w3id.org/openim/ontology/E-18#threshold_value,threshold_value,yes,1,,
https://w3id.org/openim/ontology/E-19#as_of_date,datatype_property,E-19.as_of_date,https://w3id.org/openim/ontology/E-19#as_of_date,as_of_date,yes,1,,
https://w3id.org/openim/ontology/E-19#confidence_score,datatype_property,E-19.confidence_score,https://w3id.org/openim/ontology/E-19#confidence_score,confidence_score,yes,1,,
https://w3id.org/openim/ontology/E-19#currency,datatype_property,E-19.currency,https://w3id.org/openim/ontology/E-19#currency,currency,yes,1,,
https://w3id.org/openim/ontology/E-19#measure_type,datatype_property,E-19.measure_type,https://w3id.org/openim/ontology/E-19#measure_type,measure_type,yes,1,,
https://w3id.org/openim/ontology/E-19#measurement_id,datatype_property,E-19.measurement_id,https://w3id.org/openim/ontology/E-19#measurement_id,measurement_id,yes,1,identifier-key,
https://w3id.org/openim/ontology/E-19#method,datatype_property,E-19.method,https://w3id.org/openim/ontology/E-19#method,method,yes,1,,
https://w3id.org/openim/ontology/E-19#model_id,datatype_property,E-19.model_id,https://w3id.org/openim/ontology/E-19#model_id,model_id,yes,1,,
https://w3id.org/openim/ontology/E-19#risk_type,datatype_property,E-19.risk_type,https://w3id.org/openim/ontology/E-19#risk_type,risk_type,yes,1,,
https://w3id.org/openim/ontology/E-19#subject_id,datatype_property,E-19.subject_id,https://w3id.org/openim/ontology/E-19#subject_id,subject_id,yes,1,,
https://w3id.org/openim/ontology/E-19#subject_type,datatype_property,E-19.subject_type,https://w3id.org/openim/ontology/E-19#subject_type,subject_type,yes,1,,
https://w3id.org/openim/ontology/E-19#value,datatype_property,E-19.value,https://w3id.org/openim/ontology/E-19#value,value,yes,1,,
https://w3id.org/openim/ontology/E-20#composite_id,datatype_property,E-20.composite_id,https://w3id.org/openim/ontology/E-20#composite_id,composite_id,yes,1,,
https://w3id.org/openim/ontology/E-20#confidence_score,datatype_property,E-20.confidence_score,https://w3id.org/openim/ontology/E-20#confidence_score,confidence_score,yes,1,,
https://w3id.org/openim/ontology/E-20#currency,datatype_property,E-20.currency,https://w3id.org/openim/ontology/E-20#currency,currency,yes,1,,
https://w3id.org/openim/ontology/E-20#performance_result_id,datatype_property,E-20.performance_result_id,https://w3id.org/openim/ontology/E-20#performance_result_id,performance_result_id,yes,1,identifier-key,
https://w3id.org/openim/ontology/E-20#period_end,datatype_property,E-20.period_end,https://w3id.org/openim/ontology/E-20#period_end,period_end,yes,1,,
https://w3id.org/openim/ontology/E-20#period_start,datatype_property,E-20.period_start,https://w3id.org/openim/ontology/E-20#period_start,period_start,yes,1,,
https://w3id.org/openim/ontology/E-20#return_basis,datatype_property,E-20.return_basis,https://w3id.org/openim/ontology/E-20#return_basis,return_basis,yes,1,,
https://w3id.org/openim/ontology/E-20#return_method,datatype_property,E-20.return_method,https://w3id.org/openim/ontology/E-20#return_method,return_method,yes,1,,
https://w3id.org/openim/ontology/E-20#return_value,datatype_property,E-20.return_value,https://w3id.org/openim/ontology/E-20#return_value,return_value,yes,1,,
https://w3id.org/openim/ontology/E-20#subject_id,datatype_property,E-20.subject_id,https://w3id.org/openim/ontology/E-20#subject_id,subject_id,yes,1,,
https://w3id.org/openim/ontology/E-20#subject_type,datatype_property,E-20.subject_type,https://w3id.org/openim/ontology/E-20#subject_type,subject_type,yes,1,,
https://w3id.org/openim/ontology/E-20#valuation_source,datatype_property,E-20.valuation_source,https://w3id.org/openim/ontology/E-20#valuation_source,valuation_source,yes,1,,
https://w3id.org/openim/ontology/E-21#as_of_date,datatype_property,E-21.as_of_date,https://w3id.org/openim/ontology/E-21#as_of_date,as_of_date,yes,1,,
https://w3id.org/openim/ontology/E-21#esg_measurement_id,datatype_property,E-21.esg_measurement_id,https://w3id.org/openim/ontology/E-21#esg_measurement_id,esg_measurement_id,yes,1,identifier-key,
https://w3id.org/openim/ontology/E-21#measure_type,datatype_property,E-21.measure_type,https://w3id.org/openim/ontology/E-21#measure_type,measure_type,yes,1,,
https://w3id.org/openim/ontology/E-21#methodology,datatype_property,E-21.methodology,https://w3id.org/openim/ontology/E-21#methodology,methodology,yes,1,,
https://w3id.org/openim/ontology/E-21#pillar,datatype_property,E-21.pillar,https://w3id.org/openim/ontology/E-21#pillar,pillar,yes,1,,
https://w3id.org/openim/ontology/E-21#provider,datatype_property,E-21.provider,https://w3id.org/openim/ontology/E-21#provider,provider,yes,1,,
https://w3id.org/openim/ontology/E-21#rating_label,datatype_property,E-21.rating_label,https://w3id.org/openim/ontology/E-21#rating_label,rating_label,yes,1,,
https://w3id.org/openim/ontology/E-21#subject_id,datatype_property,E-21.subject_id,https://w3id.org/openim/ontology/E-21#subject_id,subject_id,yes,1,,
https://w3id.org/openim/ontology/E-21#subject_type,datatype_property,E-21.subject_type,https://w3id.org/openim/ontology/E-21#subject_type,subject_type,yes,1,,
https://w3id.org/openim/ontology/E-21#unit,datatype_property,E-21.unit,https://w3id.org/openim/ontology/E-21#unit,unit,yes,1,,
https://w3id.org/openim/ontology/E-21#value,datatype_property,E-21.value,https://w3id.org/openim/ontology/E-21#value,value,yes,1,,
https://w3id.org/openim/ontology/E-22#currency_convention,datatype_property,E-22.currency_convention,https://w3id.org/openim/ontology/E-22#currency_convention,currency_convention,yes,1,,
https://w3id.org/openim/ontology/E-22#effective_from,datatype_property,E-22.effective_from,https://w3id.org/openim/ontology/E-22#effective_from,effective_from,yes,1,,
https://w3id.org/openim/ontology/E-22#effective_to,datatype_property,E-22.effective_to,https://w3id.org/openim/ontology/E-22#effective_to,effective_to,yes,1,,
https://w3id.org/openim/ontology/E-22#formula_spec,datatype_property,E-22.formula_spec,https://w3id.org/openim/ontology/E-22#formula_spec,formula_spec,yes,1,property-type-literal,
https://w3id.org/openim/ontology/E-22#input_metrics,datatype_property,E-22.input_metrics,https://w3id.org/openim/ontology/E-22#input_metrics,input_metrics,yes,1,property-type-literal,
https://w3id.org/openim/ontology/E-22#metric_definition_id,datatype_property,E-22.metric_definition_id,https://w3id.org/openim/ontology/E-22#metric_definition_id,metric_definition_id,yes,1,identifier-key,
https://w3id.org/openim/ontology/E-22#metric_family,datatype_property,E-22.metric_family,https://w3id.org/openim/ontology/E-22#metric_family,metric_family,yes,1,,
https://w3id.org/openim/ontology/E-22#metric_name,datatype_property,E-22.metric_name,https://w3id.org/openim/ontology/E-22#metric_name,metric_name,yes,1,,
https://w3id.org/openim/ontology/E-22#owner,datatype_property,E-22.owner,https://w3id.org/openim/ontology/E-22#owner,owner,yes,1,,
https://w3id.org/openim/ontology/E-22#period_convention,datatype_property,E-22.period_convention,https://w3id.org/openim/ontology/E-22#period_convention,period_convention,yes,1,,
https://w3id.org/openim/ontology/E-22#status,datatype_property,E-22.status,https://w3id.org/openim/ontology/E-22#status,status,yes,1,,
https://w3id.org/openim/ontology/E-22#version,datatype_property,E-22.version,https://w3id.org/openim/ontology/E-22#version,version,yes,1,,
https://w3id.org/openim/ontology/E-23#as_of_period,datatype_property,E-23.as_of_period,https://w3id.org/openim/ontology/E-23#as_of_period,as_of_period,yes,1,,
https://w3id.org/openim/ontology/E-23#confidence_score,datatype_property,E-23.confidence_score,https://w3id.org/openim/ontology/E-23#confidence_score,confidence_score,yes,1,,
https://w3id.org/openim/ontology/E-23#extracted_at,datatype_property,E-23.extracted_at,https://w3id.org/openim/ontology/E-23#extracted_at,extracted_at,yes,1,,
https://w3id.org/openim/ontology/E-23#extracted_fields,datatype_property,E-23.extracted_fields,https://w3id.org/openim/ontology/E-23#extracted_fields,extracted_fields,yes,1,property-type-literal,
https://w3id.org/openim/ontology/E-23#extraction_method,datatype_property,E-23.extraction_method,https://w3id.org/openim/ontology/E-23#extraction_method,extraction_method,yes,1,,
https://w3id.org/openim/ontology/E-23#extraction_record_id,datatype_property,E-23.extraction_record_id,https://w3id.org/openim/ontology/E-23#extraction_record_id,extraction_record_id,yes,1,identifier-key,
https://w3id.org/openim/ontology/E-23#model_id,datatype_property,E-23.model_id,https://w3id.org/openim/ontology/E-23#model_id,model_id,yes,1,,
https://w3id.org/openim/ontology/E-23#source_type,datatype_property,E-23.source_type,https://w3id.org/openim/ontology/E-23#source_type,source_type,yes,1,,
https://w3id.org/openim/ontology/E-23#validation_status,datatype_property,E-23.validation_status,https://w3id.org/openim/ontology/E-23#validation_status,validation_status,yes,1,,
https://w3id.org/openim/ontology/E-23#version,datatype_property,E-23.version,https://w3id.org/openim/ontology/E-23#version,version,yes,1,,
https://w3id.org/openim/ontology/E-24#age_days,datatype_property,E-24.age_days,https://w3id.org/openim/ontology/E-24#age_days,age_days,yes,1,,
https://w3id.org/openim/ontology/E-24#as_of_date,datatype_property,E-24.as_of_date,https://w3id.org/openim/ontology/E-24#as_of_date,as_of_date,yes,1,,
https://w3id.org/openim/ontology/E-24#break_id,datatype_property,E-24.break_id,https://w3id.org/openim/ontology/E-24#break_id,break_id,yes,1,identifier-key,
https://w3id.org/openim/ontology/E-24#cause_classification,datatype_property,E-24.cause_classification,https://w3id.org/openim/ontology/E-24#cause_classification,cause_classification,yes,1,,
https://w3id.org/openim/ontology/E-24#correcting_entry_ref,datatype_property,E-24.correcting_entry_ref,https://w3id.org/openim/ontology/E-24#correcting_entry_ref,correcting_entry_ref,yes,1,,
https://w3id.org/openim/ontology/E-24#difference_amount,datatype_property,E-24.difference_amount,https://w3id.org/openim/ontology/E-24#difference_amount,difference_amount,yes,1,,
https://w3id.org/openim/ontology/E-24#difference_qty,datatype_property,E-24.difference_qty,https://w3id.org/openim/ontology/E-24#difference_qty,difference_qty,yes,1,,
https://w3id.org/openim/ontology/E-24#identified_date,datatype_property,E-24.identified_date,https://w3id.org/openim/ontology/E-24#identified_date,identified_date,yes,1,,
https://w3id.org/openim/ontology/E-24#materiality,datatype_property,E-24.materiality,https://w3id.org/openim/ontology/E-24#materiality,materiality,yes,1,,
https://w3id.org/openim/ontology/E-24#reconciliation_type,datatype_property,E-24.reconciliation_type,https://w3id.org/openim/ontology/E-24#reconciliation_type,reconciliation_type,yes,1,,
https://w3id.org/openim/ontology/E-24#record_a_ref,datatype_property,E-24.record_a_ref,https://w3id.org/openim/ontology/E-24#record_a_ref,record_a_ref,yes,1,,
https://w3id.org/openim/ontology/E-24#record_b_ref,datatype_property,E-24.record_b_ref,https://w3id.org/openim/ontology/E-24#record_b_ref,record_b_ref,yes,1,,
https://w3id.org/openim/ontology/E-24#resolution_note,datatype_property,E-24.resolution_note,https://w3id.org/openim/ontology/E-24#resolution_note,resolution_note,yes,1,,
https://w3id.org/openim/ontology/E-24#resolved_date,datatype_property,E-24.resolved_date,https://w3id.org/openim/ontology/E-24#resolved_date,resolved_date,yes,1,,
https://w3id.org/openim/ontology/E-24#status,datatype_property,E-24.status,https://w3id.org/openim/ontology/E-24#status,status,yes,1,,
https://w3id.org/openim/ontology/E-25#account_id,datatype_property,E-25.account_id,https://w3id.org/openim/ontology/E-25#account_id,account_id,yes,1,identifier-key,
https://w3id.org/openim/ontology/E-25#account_number,datatype_property,E-25.account_number,https://w3id.org/openim/ontology/E-25#account_number,account_number,yes,1,,
https://w3id.org/openim/ontology/E-25#account_status,datatype_property,E-25.account_status,https://w3id.org/openim/ontology/E-25#account_status,account_status,yes,1,,
https://w3id.org/openim/ontology/E-25#account_type,datatype_property,E-25.account_type,https://w3id.org/openim/ontology/E-25#account_type,account_type,yes,1,,
https://w3id.org/openim/ontology/E-25#closed_date,datatype_property,E-25.closed_date,https://w3id.org/openim/ontology/E-25#closed_date,closed_date,yes,1,,
https://w3id.org/openim/ontology/E-25#currency,datatype_property,E-25.currency,https://w3id.org/openim/ontology/E-25#currency,currency,yes,1,,
https://w3id.org/openim/ontology/E-25#opened_date,datatype_property,E-25.opened_date,https://w3id.org/openim/ontology/E-25#opened_date,opened_date,yes,1,,
https://w3id.org/openim/ontology/E-25#segregation,datatype_property,E-25.segregation,https://w3id.org/openim/ontology/E-25#segregation,segregation,yes,1,,
https://w3id.org/openim/ontology/E-25#settlement_instruction_ref,datatype_property,E-25.settlement_instruction_ref,https://w3id.org/openim/ontology/E-25#settlement_instruction_ref,settlement_instruction_ref,yes,1,,
https://w3id.org/openim/ontology/E-25#signatory_mandate,datatype_property,E-25.signatory_mandate,https://w3id.org/openim/ontology/E-25#signatory_mandate,signatory_mandate,yes,1,property-type-literal,
https://w3id.org/openim/ontology/E-26#as_of_date,datatype_property,E-26.as_of_date,https://w3id.org/openim/ontology/E-26#as_of_date,as_of_date,yes,1,,
https://w3id.org/openim/ontology/E-26#collateral_position_id,datatype_property,E-26.collateral_position_id,https://w3id.org/openim/ontology/E-26#collateral_position_id,collateral_position_id,yes,1,identifier-key,
https://w3id.org/openim/ontology/E-26#collateral_value,datatype_property,E-26.collateral_value,https://w3id.org/openim/ontology/E-26#collateral_value,collateral_value,yes,1,,
https://w3id.org/openim/ontology/E-26#direction,datatype_property,E-26.direction,https://w3id.org/openim/ontology/E-26#direction,direction,yes,1,,
https://w3id.org/openim/ontology/E-26#eligibility_status,datatype_property,E-26.eligibility_status,https://w3id.org/openim/ontology/E-26#eligibility_status,eligibility_status,yes,1,,
https://w3id.org/openim/ontology/E-26#haircut_pct,datatype_property,E-26.haircut_pct,https://w3id.org/openim/ontology/E-26#haircut_pct,haircut_pct,yes,1,,
https://w3id.org/openim/ontology/E-26#market_value,datatype_property,E-26.market_value,https://w3id.org/openim/ontology/E-26#market_value,market_value,yes,1,,
https://w3id.org/openim/ontology/E-26#quantity,datatype_property,E-26.quantity,https://w3id.org/openim/ontology/E-26#quantity,quantity,yes,1,,
https://w3id.org/openim/ontology/E-26#relationship_ref,datatype_property,E-26.relationship_ref,https://w3id.org/openim/ontology/E-26#relationship_ref,relationship_ref,yes,1,,
https://w3id.org/openim/ontology/E-26#relationship_type,datatype_property,E-26.relationship_type,https://w3id.org/openim/ontology/E-26#relationship_type,relationship_type,yes,1,,
https://w3id.org/openim/ontology/E-26#segregated,datatype_property,E-26.segregated,https://w3id.org/openim/ontology/E-26#segregated,segregated,yes,1,,
https://w3id.org/openim/ontology/E-27#actuary_source,datatype_property,E-27.actuary_source,https://w3id.org/openim/ontology/E-27#actuary_source,actuary_source,yes,1,,
https://w3id.org/openim/ontology/E-27#as_of_date,datatype_property,E-27.as_of_date,https://w3id.org/openim/ontology/E-27#as_of_date,as_of_date,yes,1,,
https://w3id.org/openim/ontology/E-27#cash_flows,datatype_property,E-27.cash_flows,https://w3id.org/openim/ontology/E-27#cash_flows,cash_flows,yes,1,property-type-literal,
https://w3id.org/openim/ontology/E-27#currency,datatype_property,E-27.currency,https://w3id.org/openim/ontology/E-27#currency,currency,yes,1,,
https://w3id.org/openim/ontology/E-27#discount_curve_ref,datatype_property,E-27.discount_curve_ref,https://w3id.org/openim/ontology/E-27#discount_curve_ref,discount_curve_ref,yes,1,,
https://w3id.org/openim/ontology/E-27#inflation_sensitivity,datatype_property,E-27.inflation_sensitivity,https://w3id.org/openim/ontology/E-27#inflation_sensitivity,inflation_sensitivity,yes,1,,
https://w3id.org/openim/ontology/E-27#key_rate_durations,datatype_property,E-27.key_rate_durations,https://w3id.org/openim/ontology/E-27#key_rate_durations,key_rate_durations,yes,1,property-type-literal,
https://w3id.org/openim/ontology/E-27#liability_profile_id,datatype_property,E-27.liability_profile_id,https://w3id.org/openim/ontology/E-27#liability_profile_id,liability_profile_id,yes,1,identifier-key,
https://w3id.org/openim/ontology/E-27#present_value,datatype_property,E-27.present_value,https://w3id.org/openim/ontology/E-27#present_value,present_value,yes,1,,
https://w3id.org/openim/ontology/E-27#projection_basis,datatype_property,E-27.projection_basis,https://w3id.org/openim/ontology/E-27#projection_basis,projection_basis,yes,1,,
https://w3id.org/openim/ontology/E-27#pv01,datatype_property,E-27.pv01,https://w3id.org/openim/ontology/E-27#pv01,pv01,yes,1,,
https://w3id.org/openim/ontology/E-27#subject_id,datatype_property,E-27.subject_id,https://w3id.org/openim/ontology/E-27#subject_id,subject_id,yes,1,,
https://w3id.org/openim/ontology/E-27#subject_type,datatype_property,E-27.subject_type,https://w3id.org/openim/ontology/E-27#subject_type,subject_type,yes,1,,
https://w3id.org/openim/ontology/E-27#version,datatype_property,E-27.version,https://w3id.org/openim/ontology/E-27#version,version,yes,1,,
https://w3id.org/openim/ontology/E-28#allocated_amount,datatype_property,E-28.allocated_amount,https://w3id.org/openim/ontology/E-28#allocated_amount,allocated_amount,yes,1,,
https://w3id.org/openim/ontology/E-28#allocated_by,datatype_property,E-28.allocated_by,https://w3id.org/openim/ontology/E-28#allocated_by,allocated_by,yes,1,,
https://w3id.org/openim/ontology/E-28#budget_measure,datatype_property,E-28.budget_measure,https://w3id.org/openim/ontology/E-28#budget_measure,budget_measure,yes,1,,
https://w3id.org/openim/ontology/E-28#currency,datatype_property,E-28.currency,https://w3id.org/openim/ontology/E-28#currency,currency,yes,1,,
https://w3id.org/openim/ontology/E-28#drawdown_trigger,datatype_property,E-28.drawdown_trigger,https://w3id.org/openim/ontology/E-28#drawdown_trigger,drawdown_trigger,yes,1,,
https://w3id.org/openim/ontology/E-28#effective_from,datatype_property,E-28.effective_from,https://w3id.org/openim/ontology/E-28#effective_from,effective_from,yes,1,,
https://w3id.org/openim/ontology/E-28#effective_to,datatype_property,E-28.effective_to,https://w3id.org/openim/ontology/E-28#effective_to,effective_to,yes,1,,
https://w3id.org/openim/ontology/E-28#leverage_limit,datatype_property,E-28.leverage_limit,https://w3id.org/openim/ontology/E-28#leverage_limit,leverage_limit,yes,1,,
https://w3id.org/openim/ontology/E-28#risk_budget_id,datatype_property,E-28.risk_budget_id,https://w3id.org/openim/ontology/E-28#risk_budget_id,risk_budget_id,yes,1,identifier-key,
https://w3id.org/openim/ontology/E-28#subject_id,datatype_property,E-28.subject_id,https://w3id.org/openim/ontology/E-28#subject_id,subject_id,yes,1,,
https://w3id.org/openim/ontology/E-28#subject_type,datatype_property,E-28.subject_type,https://w3id.org/openim/ontology/E-28#subject_type,subject_type,yes,1,,
https://w3id.org/openim/ontology/E-28#total_pool_ref,datatype_property,E-28.total_pool_ref,https://w3id.org/openim/ontology/E-28#total_pool_ref,total_pool_ref,yes,1,,
https://w3id.org/openim/ontology/E-29#approval_date,datatype_property,E-29.approval_date,https://w3id.org/openim/ontology/E-29#approval_date,approval_date,yes,1,,
https://w3id.org/openim/ontology/E-29#approved_by,datatype_property,E-29.approved_by,https://w3id.org/openim/ontology/E-29#approved_by,approved_by,yes,1,,
https://w3id.org/openim/ontology/E-29#effective_from,datatype_property,E-29.effective_from,https://w3id.org/openim/ontology/E-29#effective_from,effective_from,yes,1,,
https://w3id.org/openim/ontology/E-29#effective_to,datatype_property,E-29.effective_to,https://w3id.org/openim/ontology/E-29#effective_to,effective_to,yes,1,,
https://w3id.org/openim/ontology/E-29#plan_content,datatype_property,E-29.plan_content,https://w3id.org/openim/ontology/E-29#plan_content,plan_content,yes,1,property-type-literal,
https://w3id.org/openim/ontology/E-29#plan_id,datatype_property,E-29.plan_id,https://w3id.org/openim/ontology/E-29#plan_id,plan_id,yes,1,identifier-key,
https://w3id.org/openim/ontology/E-29#plan_type,datatype_property,E-29.plan_type,https://w3id.org/openim/ontology/E-29#plan_type,plan_type,yes,1,,
https://w3id.org/openim/ontology/E-29#status,datatype_property,E-29.status,https://w3id.org/openim/ontology/E-29#status,status,yes,1,,
https://w3id.org/openim/ontology/E-29#version,datatype_property,E-29.version,https://w3id.org/openim/ontology/E-29#version,version,yes,1,,
https://w3id.org/openim/ontology/E-30#goal_id,datatype_property,E-30.goal_id,https://w3id.org/openim/ontology/E-30#goal_id,goal_id,yes,1,identifier-key,
https://w3id.org/openim/ontology/E-30#goal_name,datatype_property,E-30.goal_name,https://w3id.org/openim/ontology/E-30#goal_name,goal_name,yes,1,,
https://w3id.org/openim/ontology/E-30#goal_type,datatype_property,E-30.goal_type,https://w3id.org/openim/ontology/E-30#goal_type,goal_type,yes,1,,
https://w3id.org/openim/ontology/E-30#priority_layer,datatype_property,E-30.priority_layer,https://w3id.org/openim/ontology/E-30#priority_layer,priority_layer,yes,1,,
https://w3id.org/openim/ontology/E-30#required_probability_of_success,datatype_property,E-30.required_probability_of_success,https://w3id.org/openim/ontology/E-30#required_probability_of_success,required_prob_success,yes,1,property-name-shorten,name 'required_probability_of_success' written as 'required_prob_success' (26-character limit)
https://w3id.org/openim/ontology/E-30#status,datatype_property,E-30.status,https://w3id.org/openim/ontology/E-30#status,status,yes,1,,
https://w3id.org/openim/ontology/E-30#target_currency,datatype_property,E-30.target_currency,https://w3id.org/openim/ontology/E-30#target_currency,target_currency,yes,1,,
https://w3id.org/openim/ontology/E-30#target_date,datatype_property,E-30.target_date,https://w3id.org/openim/ontology/E-30#target_date,target_date,yes,1,,
https://w3id.org/openim/ontology/E-30#target_value,datatype_property,E-30.target_value,https://w3id.org/openim/ontology/E-30#target_value,target_value,yes,1,,
https://w3id.org/openim/ontology/E-31#as_of_date,datatype_property,E-31.as_of_date,https://w3id.org/openim/ontology/E-31#as_of_date,as_of_date,yes,1,,
https://w3id.org/openim/ontology/E-31#cma_set_ref,datatype_property,E-31.cma_set_ref,https://w3id.org/openim/ontology/E-31#cma_set_ref,cma_set_ref,yes,1,,
https://w3id.org/openim/ontology/E-31#computed_by_sd,datatype_property,E-31.computed_by_sd,https://w3id.org/openim/ontology/E-31#computed_by_sd,computed_by_sd,yes,1,,
https://w3id.org/openim/ontology/E-31#funding_adequacy,datatype_property,E-31.funding_adequacy,https://w3id.org/openim/ontology/E-31#funding_adequacy,funding_adequacy,yes,1,,
https://w3id.org/openim/ontology/E-31#goal_progress_measurement_id,datatype_property,E-31.goal_progress_measurement_id,https://w3id.org/openim/ontology/E-31#goal_progress_measurement_id,goal_progress_measure_id,yes,1,identifier-key;property-name-shorten,name 'goal_progress_measurement_id' written as 'goal_progress_measure_id' (26-character limit)
https://w3id.org/openim/ontology/E-31#probability_of_success,datatype_property,E-31.probability_of_success,https://w3id.org/openim/ontology/E-31#probability_of_success,probability_of_success,yes,1,,
https://w3id.org/openim/ontology/E-31#projected_value_at_target,datatype_property,E-31.projected_value_at_target,https://w3id.org/openim/ontology/E-31#projected_value_at_target,projected_value_at_target,yes,1,,
https://w3id.org/openim/ontology/E-32#acquisition_date,datatype_property,E-32.acquisition_date,https://w3id.org/openim/ontology/E-32#acquisition_date,acquisition_date,yes,1,,
https://w3id.org/openim/ontology/E-32#cost_basis_amount,datatype_property,E-32.cost_basis_amount,https://w3id.org/openim/ontology/E-32#cost_basis_amount,cost_basis_amount,yes,1,,
https://w3id.org/openim/ontology/E-32#cost_basis_currency,datatype_property,E-32.cost_basis_currency,https://w3id.org/openim/ontology/E-32#cost_basis_currency,cost_basis_currency,yes,1,,
https://w3id.org/openim/ontology/E-32#disposal_date,datatype_property,E-32.disposal_date,https://w3id.org/openim/ontology/E-32#disposal_date,disposal_date,yes,1,,
https://w3id.org/openim/ontology/E-32#holding_period_class,datatype_property,E-32.holding_period_class,https://w3id.org/openim/ontology/E-32#holding_period_class,holding_period_class,yes,1,,
https://w3id.org/openim/ontology/E-32#lot_relief_method,datatype_property,E-32.lot_relief_method,https://w3id.org/openim/ontology/E-32#lot_relief_method,lot_relief_method,yes,1,,
https://w3id.org/openim/ontology/E-32#quantity,datatype_property,E-32.quantity,https://w3id.org/openim/ontology/E-32#quantity,quantity,yes,1,,
https://w3id.org/openim/ontology/E-32#realised_gain_loss_amount,datatype_property,E-32.realised_gain_loss_amount,https://w3id.org/openim/ontology/E-32#realised_gain_loss_amount,realised_gain_loss_amount,yes,1,,
https://w3id.org/openim/ontology/E-32#status,datatype_property,E-32.status,https://w3id.org/openim/ontology/E-32#status,status,yes,1,,
https://w3id.org/openim/ontology/E-32#tax_lot_id,datatype_property,E-32.tax_lot_id,https://w3id.org/openim/ontology/E-32#tax_lot_id,tax_lot_id,yes,1,identifier-key,
https://w3id.org/openim/ontology/E-32#wash_sale_adjustment_amount,datatype_property,E-32.wash_sale_adjustment_amount,https://w3id.org/openim/ontology/E-32#wash_sale_adjustment_amount,wash_sale_adj_amount,yes,1,property-name-shorten,name 'wash_sale_adjustment_amount' written as 'wash_sale_adj_amount' (26-character limit)
https://w3id.org/openim/ontology/E-33#approval_date,datatype_property,E-33.approval_date,https://w3id.org/openim/ontology/E-33#approval_date,approval_date,yes,1,,
https://w3id.org/openim/ontology/E-33#approved_by_advisor,datatype_property,E-33.approved_by_advisor,https://w3id.org/openim/ontology/E-33#approved_by_advisor,approved_by_advisor,yes,1,,
https://w3id.org/openim/ontology/E-33#effective_from,datatype_property,E-33.effective_from,https://w3id.org/openim/ontology/E-33#effective_from,effective_from,yes,1,,
https://w3id.org/openim/ontology/E-33#effective_to,datatype_property,E-33.effective_to,https://w3id.org/openim/ontology/E-33#effective_to,effective_to,yes,1,,
https://w3id.org/openim/ontology/E-33#financial_plan_id,datatype_property,E-33.financial_plan_id,https://w3id.org/openim/ontology/E-33#financial_plan_id,financial_plan_id,yes,1,identifier-key,
https://w3id.org/openim/ontology/E-33#plan_content,datatype_property,E-33.plan_content,https://w3id.org/openim/ontology/E-33#plan_content,plan_content,yes,1,property-type-literal,
https://w3id.org/openim/ontology/E-33#status,datatype_property,E-33.status,https://w3id.org/openim/ontology/E-33#status,status,yes,1,,
https://w3id.org/openim/ontology/E-33#version,datatype_property,E-33.version,https://w3id.org/openim/ontology/E-33#version,version,yes,1,,
https://w3id.org/openim/ontology/E-34#approval_date,datatype_property,E-34.approval_date,https://w3id.org/openim/ontology/E-34#approval_date,approval_date,yes,1,,
https://w3id.org/openim/ontology/E-34#approved_commitment_amount,datatype_property,E-34.approved_commitment_amount,https://w3id.org/openim/ontology/E-34#approved_commitment_amount,approved_commitment_amount,yes,1,,
https://w3id.org/openim/ontology/E-34#authorisation_id,datatype_property,E-34.authorisation_id,https://w3id.org/openim/ontology/E-34#authorisation_id,authorisation_id,yes,1,identifier-key,
https://w3id.org/openim/ontology/E-34#authority_verification_note,datatype_property,E-34.authority_verification_note,https://w3id.org/openim/ontology/E-34#authority_verification_note,authority_verif_note,yes,1,property-name-shorten,name 'authority_verification_note' written as 'authority_verif_note' (26-character limit)
https://w3id.org/openim/ontology/E-34#committee_meeting_date,datatype_property,E-34.committee_meeting_date,https://w3id.org/openim/ontology/E-34#committee_meeting_date,committee_meeting_date,yes,1,,
https://w3id.org/openim/ontology/E-34#conditions,datatype_property,E-34.conditions,https://w3id.org/openim/ontology/E-34#conditions,conditions,yes,1,,
https://w3id.org/openim/ontology/E-34#decision,datatype_property,E-34.decision,https://w3id.org/openim/ontology/E-34#decision,decision,yes,1,,
https://w3id.org/openim/ontology/E-34#dissent_record,datatype_property,E-34.dissent_record,https://w3id.org/openim/ontology/E-34#dissent_record,dissent_record,yes,1,,
https://w3id.org/openim/ontology/E-34#investment_route,datatype_property,E-34.investment_route,https://w3id.org/openim/ontology/E-34#investment_route,investment_route,yes,1,,
https://w3id.org/openim/ontology/E-34#mandate_fit_note,datatype_property,E-34.mandate_fit_note,https://w3id.org/openim/ontology/E-34#mandate_fit_note,mandate_fit_note,yes,1,,
https://w3id.org/openim/ontology/E-34#recommended_commitment_amount,datatype_property,E-34.recommended_commitment_amount,https://w3id.org/openim/ontology/E-34#recommended_commitment_amount,rec_commitment_amount,yes,1,property-name-shorten,name 'recommended_commitment_amount' written as 'rec_commitment_amount' (26-character limit)
https://w3id.org/openim/ontology/E-34#status,datatype_property,E-34.status,https://w3id.org/openim/ontology/E-34#status,status,yes,1,,
https://w3id.org/openim/ontology/E-34#subject_id,datatype_property,E-34.subject_id,https://w3id.org/openim/ontology/E-34#subject_id,subject_id,yes,1,,
https://w3id.org/openim/ontology/E-34#subject_type,datatype_property,E-34.subject_type,https://w3id.org/openim/ontology/E-34#subject_type,subject_type,yes,1,,
https://w3id.org/openim/ontology/E-35#acknowledgement_date,datatype_property,E-35.acknowledgement_date,https://w3id.org/openim/ontology/E-35#acknowledgement_date,acknowledgement_date,yes,1,,
https://w3id.org/openim/ontology/E-35#complaint_category,datatype_property,E-35.complaint_category,https://w3id.org/openim/ontology/E-35#complaint_category,complaint_category,yes,1,,
https://w3id.org/openim/ontology/E-35#complaint_id,datatype_property,E-35.complaint_id,https://w3id.org/openim/ontology/E-35#complaint_id,complaint_id,yes,1,identifier-key,
https://w3id.org/openim/ontology/E-35#complaint_received_date,datatype_property,E-35.complaint_received_date,https://w3id.org/openim/ontology/E-35#complaint_received_date,complaint_received_date,yes,1,,
https://w3id.org/openim/ontology/E-35#complaint_text,datatype_property,E-35.complaint_text,https://w3id.org/openim/ontology/E-35#complaint_text,complaint_text,yes,1,,
https://w3id.org/openim/ontology/E-35#final_response_date,datatype_property,E-35.final_response_date,https://w3id.org/openim/ontology/E-35#final_response_date,final_response_date,yes,1,,
https://w3id.org/openim/ontology/E-35#final_response_text,datatype_property,E-35.final_response_text,https://w3id.org/openim/ontology/E-35#final_response_text,final_response_text,yes,1,,
https://w3id.org/openim/ontology/E-35#fos_referral_provided,datatype_property,E-35.fos_referral_provided,https://w3id.org/openim/ontology/E-35#fos_referral_provided,fos_referral_provided,yes,1,,
https://w3id.org/openim/ontology/E-35#investigation_outcome,datatype_property,E-35.investigation_outcome,https://w3id.org/openim/ontology/E-35#investigation_outcome,investigation_outcome,yes,1,,
https://w3id.org/openim/ontology/E-35#is_systemic_finding,datatype_property,E-35.is_systemic_finding,https://w3id.org/openim/ontology/E-35#is_systemic_finding,is_systemic_finding,yes,1,,
https://w3id.org/openim/ontology/E-35#redress_amount,datatype_property,E-35.redress_amount,https://w3id.org/openim/ontology/E-35#redress_amount,redress_amount,yes,1,,
https://w3id.org/openim/ontology/E-35#root_cause_classification,datatype_property,E-35.root_cause_classification,https://w3id.org/openim/ontology/E-35#root_cause_classification,root_cause_classification,yes,1,,
https://w3id.org/openim/ontology/E-35#status,datatype_property,E-35.status,https://w3id.org/openim/ontology/E-35#status,status,yes,1,,
https://w3id.org/openim/ontology/E-36#exception_date,datatype_property,E-36.exception_date,https://w3id.org/openim/ontology/E-36#exception_date,exception_date,yes,1,,
https://w3id.org/openim/ontology/E-36#exception_description,datatype_property,E-36.exception_description,https://w3id.org/openim/ontology/E-36#exception_description,exception_description,yes,1,,
https://w3id.org/openim/ontology/E-36#exception_type,datatype_property,E-36.exception_type,https://w3id.org/openim/ontology/E-36#exception_type,exception_type,yes,1,,
https://w3id.org/openim/ontology/E-36#investigation_note,datatype_property,E-36.investigation_note,https://w3id.org/openim/ontology/E-36#investigation_note,investigation_note,yes,1,,
https://w3id.org/openim/ontology/E-36#monetary_impact_amount,datatype_property,E-36.monetary_impact_amount,https://w3id.org/openim/ontology/E-36#monetary_impact_amount,monetary_impact_amount,yes,1,,
https://w3id.org/openim/ontology/E-36#oversight_exception_id,datatype_property,E-36.oversight_exception_id,https://w3id.org/openim/ontology/E-36#oversight_exception_id,oversight_exception_id,yes,1,identifier-key,
https://w3id.org/openim/ontology/E-36#resolution_action,datatype_property,E-36.resolution_action,https://w3id.org/openim/ontology/E-36#resolution_action,resolution_action,yes,1,,
https://w3id.org/openim/ontology/E-36#resolution_date,datatype_property,E-36.resolution_date,https://w3id.org/openim/ontology/E-36#resolution_date,resolution_date,yes,1,,
https://w3id.org/openim/ontology/E-36#severity,datatype_property,E-36.severity,https://w3id.org/openim/ontology/E-36#severity,severity,yes,1,,
https://w3id.org/openim/ontology/E-36#status,datatype_property,E-36.status,https://w3id.org/openim/ontology/E-36#status,status,yes,1,,
https://w3id.org/openim/ontology/E-37#as_of_date,datatype_property,E-37.as_of_date,https://w3id.org/openim/ontology/E-37#as_of_date,as_of_date,yes,1,,
https://w3id.org/openim/ontology/E-37#breach_details,datatype_property,E-37.breach_details,https://w3id.org/openim/ontology/E-37#breach_details,breach_details,yes,1,,
https://w3id.org/openim/ontology/E-37#computed_by_sd,datatype_property,E-37.computed_by_sd,https://w3id.org/openim/ontology/E-37#computed_by_sd,computed_by_sd,yes,1,,
https://w3id.org/openim/ontology/E-37#esg_compliance_result_id,datatype_property,E-37.esg_compliance_result_id,https://w3id.org/openim/ontology/E-37#esg_compliance_result_id,esg_compliance_result_id,yes,1,identifier-key,
https://w3id.org/openim/ontology/E-37#mandate_esg_screen_result,datatype_property,E-37.mandate_esg_screen_result,https://w3id.org/openim/ontology/E-37#mandate_esg_screen_result,mandate_esg_screen_result,yes,1,,
https://w3id.org/openim/ontology/E-37#pai_indicators,datatype_property,E-37.pai_indicators,https://w3id.org/openim/ontology/E-37#pai_indicators,pai_indicators,yes,1,property-type-literal,
https://w3id.org/openim/ontology/E-37#sfdr_article_classification,datatype_property,E-37.sfdr_article_classification,https://w3id.org/openim/ontology/E-37#sfdr_article_classification,sfdr_article_classif,yes,1,property-name-shorten,name 'sfdr_article_classification' written as 'sfdr_article_classif' (26-character limit)
https://w3id.org/openim/ontology/E-37#subject_id,datatype_property,E-37.subject_id,https://w3id.org/openim/ontology/E-37#subject_id,subject_id,yes,1,,
https://w3id.org/openim/ontology/E-37#subject_type,datatype_property,E-37.subject_type,https://w3id.org/openim/ontology/E-37#subject_type,subject_type,yes,1,,
https://w3id.org/openim/ontology/E-37#taxonomy_alignment_percentage,datatype_property,E-37.taxonomy_alignment_percentage,https://w3id.org/openim/ontology/E-37#taxonomy_alignment_percentage,taxonomy_alignment_pct,yes,1,property-name-shorten,name 'taxonomy_alignment_percentage' written as 'taxonomy_alignment_pct' (26-character limit)
https://w3id.org/openim/ontology/E-38#effective_from,datatype_property,E-38.effective_from,https://w3id.org/openim/ontology/E-38#effective_from,effective_from,yes,1,,
https://w3id.org/openim/ontology/E-38#effective_to,datatype_property,E-38.effective_to,https://w3id.org/openim/ontology/E-38#effective_to,effective_to,yes,1,,
https://w3id.org/openim/ontology/E-38#internal_credit_rating_id,datatype_property,E-38.internal_credit_rating_id,https://w3id.org/openim/ontology/E-38#internal_credit_rating_id,internal_credit_rating_id,yes,1,identifier-key,
https://w3id.org/openim/ontology/E-38#rating_analyst,datatype_property,E-38.rating_analyst,https://w3id.org/openim/ontology/E-38#rating_analyst,rating_analyst,yes,1,,
https://w3id.org/openim/ontology/E-38#rating_change_reason,datatype_property,E-38.rating_change_reason,https://w3id.org/openim/ontology/E-38#rating_change_reason,rating_change_reason,yes,1,,
https://w3id.org/openim/ontology/E-38#rating_committee_date,datatype_property,E-38.rating_committee_date,https://w3id.org/openim/ontology/E-38#rating_committee_date,rating_committee_date,yes,1,,
https://w3id.org/openim/ontology/E-38#rating_scale,datatype_property,E-38.rating_scale,https://w3id.org/openim/ontology/E-38#rating_scale,rating_scale,yes,1,,
https://w3id.org/openim/ontology/E-38#rating_value,datatype_property,E-38.rating_value,https://w3id.org/openim/ontology/E-38#rating_value,rating_value,yes,1,,
https://w3id.org/openim/ontology/E-38#rating_watch_status,datatype_property,E-38.rating_watch_status,https://w3id.org/openim/ontology/E-38#rating_watch_status,rating_watch_status,yes,1,,
https://w3id.org/openim/ontology/E-38#subject_id,datatype_property,E-38.subject_id,https://w3id.org/openim/ontology/E-38#subject_id,subject_id,yes,1,,
https://w3id.org/openim/ontology/E-38#subject_type,datatype_property,E-38.subject_type,https://w3id.org/openim/ontology/E-38#subject_type,subject_type,yes,1,,
https://w3id.org/openim/ontology/FO-01#base_currency,datatype_property,FO-01.base_currency,https://w3id.org/openim/ontology/FO-01#base_currency,base_currency,yes,1,,
https://w3id.org/openim/ontology/FO-01#dealing_cut_off,datatype_property,FO-01.dealing_cut_off,https://w3id.org/openim/ontology/FO-01#dealing_cut_off,dealing_cut_off,yes,1,,
https://w3id.org/openim/ontology/FO-01#dealing_frequency,datatype_property,FO-01.dealing_frequency,https://w3id.org/openim/ontology/FO-01#dealing_frequency,dealing_frequency,yes,1,,
https://w3id.org/openim/ontology/FO-01#domicile,datatype_property,FO-01.domicile,https://w3id.org/openim/ontology/FO-01#domicile,domicile,yes,1,,
https://w3id.org/openim/ontology/FO-01#external_ids,datatype_property,FO-01.external_ids,https://w3id.org/openim/ontology/FO-01#external_ids,external_ids,yes,1,property-type-literal,
https://w3id.org/openim/ontology/FO-01#fund_form,datatype_property,FO-01.fund_form,https://w3id.org/openim/ontology/FO-01#fund_form,fund_form,yes,1,,
https://w3id.org/openim/ontology/FO-01#fund_name,datatype_property,FO-01.fund_name,https://w3id.org/openim/ontology/FO-01#fund_name,fund_name,yes,1,,
https://w3id.org/openim/ontology/FO-01#fund_product_id,datatype_property,FO-01.fund_product_id,https://w3id.org/openim/ontology/FO-01#fund_product_id,fund_product_id,yes,1,identifier-key,
https://w3id.org/openim/ontology/FO-01#launch_date,datatype_property,FO-01.launch_date,https://w3id.org/openim/ontology/FO-01#launch_date,launch_date,yes,1,,
https://w3id.org/openim/ontology/FO-01#legal_structure,datatype_property,FO-01.legal_structure,https://w3id.org/openim/ontology/FO-01#legal_structure,legal_structure,yes,1,,
https://w3id.org/openim/ontology/FO-01#lei,datatype_property,FO-01.lei,https://w3id.org/openim/ontology/FO-01#lei,lei,yes,1,,
https://w3id.org/openim/ontology/FO-01#lock_up,datatype_property,FO-01.lock_up,https://w3id.org/openim/ontology/FO-01#lock_up,lock_up,yes,1,,
https://w3id.org/openim/ontology/FO-01#pricing_basis,datatype_property,FO-01.pricing_basis,https://w3id.org/openim/ontology/FO-01#pricing_basis,pricing_basis,yes,1,,
https://w3id.org/openim/ontology/FO-01#redemption_gate,datatype_property,FO-01.redemption_gate,https://w3id.org/openim/ontology/FO-01#redemption_gate,redemption_gate,yes,1,,
https://w3id.org/openim/ontology/FO-01#regulatory_wrapper,datatype_property,FO-01.regulatory_wrapper,https://w3id.org/openim/ontology/FO-01#regulatory_wrapper,regulatory_wrapper,yes,1,,
https://w3id.org/openim/ontology/FO-01#settlement_cycle,datatype_property,FO-01.settlement_cycle,https://w3id.org/openim/ontology/FO-01#settlement_cycle,settlement_cycle,yes,1,,
https://w3id.org/openim/ontology/FO-01#status,datatype_property,FO-01.status,https://w3id.org/openim/ontology/FO-01#status,status,yes,1,,
https://w3id.org/openim/ontology/FO-01#swing_pricing,datatype_property,FO-01.swing_pricing,https://w3id.org/openim/ontology/FO-01#swing_pricing,swing_pricing,yes,1,,
https://w3id.org/openim/ontology/FO-01#umbrella_fund_id,datatype_property,FO-01.umbrella_fund_id,https://w3id.org/openim/ontology/FO-01#umbrella_fund_id,umbrella_fund_id,yes,1,,
https://w3id.org/openim/ontology/FO-02#class_code,datatype_property,FO-02.class_code,https://w3id.org/openim/ontology/FO-02#class_code,class_code,yes,1,,
https://w3id.org/openim/ontology/FO-02#class_currency,datatype_property,FO-02.class_currency,https://w3id.org/openim/ontology/FO-02#class_currency,class_currency,yes,1,,
https://w3id.org/openim/ontology/FO-02#class_fee_schedule,datatype_property,FO-02.class_fee_schedule,https://w3id.org/openim/ontology/FO-02#class_fee_schedule,class_fee_schedule,yes,1,property-type-literal,
https://w3id.org/openim/ontology/FO-02#class_name,datatype_property,FO-02.class_name,https://w3id.org/openim/ontology/FO-02#class_name,class_name,yes,1,,
https://w3id.org/openim/ontology/FO-02#distribution_policy,datatype_property,FO-02.distribution_policy,https://w3id.org/openim/ontology/FO-02#distribution_policy,distribution_policy,yes,1,,
https://w3id.org/openim/ontology/FO-02#hedged,datatype_property,FO-02.hedged,https://w3id.org/openim/ontology/FO-02#hedged,hedged,yes,1,,
https://w3id.org/openim/ontology/FO-02#investor_category,datatype_property,FO-02.investor_category,https://w3id.org/openim/ontology/FO-02#investor_category,investor_category,yes,1,,
https://w3id.org/openim/ontology/FO-02#isin,datatype_property,FO-02.isin,https://w3id.org/openim/ontology/FO-02#isin,isin,yes,1,,
https://w3id.org/openim/ontology/FO-02#min_investment,datatype_property,FO-02.min_investment,https://w3id.org/openim/ontology/FO-02#min_investment,min_investment,yes,1,,
https://w3id.org/openim/ontology/FO-02#min_subsequent_investment,datatype_property,FO-02.min_subsequent_investment,https://w3id.org/openim/ontology/FO-02#min_subsequent_investment,min_subsequent_investment,yes,1,,
https://w3id.org/openim/ontology/FO-02#share_class_id,datatype_property,FO-02.share_class_id,https://w3id.org/openim/ontology/FO-02#share_class_id,share_class_id,yes,1,identifier-key,
https://w3id.org/openim/ontology/FO-03#account_reference,datatype_property,FO-03.account_reference,https://w3id.org/openim/ontology/FO-03#account_reference,account_reference,yes,1,,
https://w3id.org/openim/ontology/FO-03#as_of_date,datatype_property,FO-03.as_of_date,https://w3id.org/openim/ontology/FO-03#as_of_date,as_of_date,yes,1,,
https://w3id.org/openim/ontology/FO-03#class_currency,datatype_property,FO-03.class_currency,https://w3id.org/openim/ontology/FO-03#class_currency,class_currency,yes,1,,
https://w3id.org/openim/ontology/FO-03#cost_basis,datatype_property,FO-03.cost_basis,https://w3id.org/openim/ontology/FO-03#cost_basis,cost_basis,yes,1,,
https://w3id.org/openim/ontology/FO-03#unitholding_id,datatype_property,FO-03.unitholding_id,https://w3id.org/openim/ontology/FO-03#unitholding_id,unitholding_id,yes,1,identifier-key,
https://w3id.org/openim/ontology/FO-03#units_held,datatype_property,FO-03.units_held,https://w3id.org/openim/ontology/FO-03#units_held,units_held,yes,1,,
https://w3id.org/openim/ontology/FO-04#amount,datatype_property,FO-04.amount,https://w3id.org/openim/ontology/FO-04#amount,amount,yes,1,,
https://w3id.org/openim/ontology/FO-04#class_currency,datatype_property,FO-04.class_currency,https://w3id.org/openim/ontology/FO-04#class_currency,class_currency,yes,1,,
https://w3id.org/openim/ontology/FO-04#cut_off,datatype_property,FO-04.cut_off,https://w3id.org/openim/ontology/FO-04#cut_off,cut_off,yes,1,,
https://w3id.org/openim/ontology/FO-04#deal_date,datatype_property,FO-04.deal_date,https://w3id.org/openim/ontology/FO-04#deal_date,deal_date,yes,1,,
https://w3id.org/openim/ontology/FO-04#dilution_adjustment,datatype_property,FO-04.dilution_adjustment,https://w3id.org/openim/ontology/FO-04#dilution_adjustment,dilution_adjustment,yes,1,,
https://w3id.org/openim/ontology/FO-04#order_id,datatype_property,FO-04.order_id,https://w3id.org/openim/ontology/FO-04#order_id,order_id,yes,1,identifier-key,
https://w3id.org/openim/ontology/FO-04#order_type,datatype_property,FO-04.order_type,https://w3id.org/openim/ontology/FO-04#order_type,order_type,yes,1,,
https://w3id.org/openim/ontology/FO-04#settlement_date,datatype_property,FO-04.settlement_date,https://w3id.org/openim/ontology/FO-04#settlement_date,settlement_date,yes,1,,
https://w3id.org/openim/ontology/FO-04#status,datatype_property,FO-04.status,https://w3id.org/openim/ontology/FO-04#status,status,yes,1,,
https://w3id.org/openim/ontology/FO-04#struck_nav_per_unit,datatype_property,FO-04.struck_nav_per_unit,https://w3id.org/openim/ontology/FO-04#struck_nav_per_unit,struck_nav_per_unit,yes,1,,
https://w3id.org/openim/ontology/FO-04#units,datatype_property,FO-04.units,https://w3id.org/openim/ontology/FO-04#units,units,yes,1,,
https://w3id.org/openim/ontology/FO-04#valuation_date,datatype_property,FO-04.valuation_date,https://w3id.org/openim/ontology/FO-04#valuation_date,valuation_date,yes,1,,
https://w3id.org/openim/ontology/FO-05#class_currency,datatype_property,FO-05.class_currency,https://w3id.org/openim/ontology/FO-05#class_currency,class_currency,yes,1,,
https://w3id.org/openim/ontology/FO-05#declaration_date,datatype_property,FO-05.declaration_date,https://w3id.org/openim/ontology/FO-05#declaration_date,declaration_date,yes,1,,
https://w3id.org/openim/ontology/FO-05#distribution_event_id,datatype_property,FO-05.distribution_event_id,https://w3id.org/openim/ontology/FO-05#distribution_event_id,distribution_event_id,yes,1,identifier-key,
https://w3id.org/openim/ontology/FO-05#distribution_per_unit,datatype_property,FO-05.distribution_per_unit,https://w3id.org/openim/ontology/FO-05#distribution_per_unit,distribution_per_unit,yes,1,,
https://w3id.org/openim/ontology/FO-05#distribution_type,datatype_property,FO-05.distribution_type,https://w3id.org/openim/ontology/FO-05#distribution_type,distribution_type,yes,1,,
https://w3id.org/openim/ontology/FO-05#equalisation_method,datatype_property,FO-05.equalisation_method,https://w3id.org/openim/ontology/FO-05#equalisation_method,equalisation_method,yes,1,,
https://w3id.org/openim/ontology/FO-05#equalisation_per_unit,datatype_property,FO-05.equalisation_per_unit,https://w3id.org/openim/ontology/FO-05#equalisation_per_unit,equalisation_per_unit,yes,1,,
https://w3id.org/openim/ontology/FO-05#ex_date,datatype_property,FO-05.ex_date,https://w3id.org/openim/ontology/FO-05#ex_date,ex_date,yes,1,,
https://w3id.org/openim/ontology/FO-05#ex_date_nav_per_unit,datatype_property,FO-05.ex_date_nav_per_unit,https://w3id.org/openim/ontology/FO-05#ex_date_nav_per_unit,ex_date_nav_per_unit,yes,1,,
https://w3id.org/openim/ontology/FO-05#pay_date,datatype_property,FO-05.pay_date,https://w3id.org/openim/ontology/FO-05#pay_date,pay_date,yes,1,,
https://w3id.org/openim/ontology/FO-05#record_date,datatype_property,FO-05.record_date,https://w3id.org/openim/ontology/FO-05#record_date,record_date,yes,1,,
https://w3id.org/openim/ontology/FO-06#accrued_amount,datatype_property,FO-06.accrued_amount,https://w3id.org/openim/ontology/FO-06#accrued_amount,accrued_amount,yes,1,,
https://w3id.org/openim/ontology/FO-06#crystallisation_trigger,datatype_property,FO-06.crystallisation_trigger,https://w3id.org/openim/ontology/FO-06#crystallisation_trigger,crystallisation_trigger,yes,1,,
https://w3id.org/openim/ontology/FO-06#crystallised_amount,datatype_property,FO-06.crystallised_amount,https://w3id.org/openim/ontology/FO-06#crystallised_amount,crystallised_amount,yes,1,,
https://w3id.org/openim/ontology/FO-06#currency,datatype_property,FO-06.currency,https://w3id.org/openim/ontology/FO-06#currency,currency,yes,1,,
https://w3id.org/openim/ontology/FO-06#definition_type,datatype_property,FO-06.definition_type,https://w3id.org/openim/ontology/FO-06#definition_type,definition_type,yes,1,,
https://w3id.org/openim/ontology/FO-06#effective_from,datatype_property,FO-06.effective_from,https://w3id.org/openim/ontology/FO-06#effective_from,effective_from,yes,1,,
https://w3id.org/openim/ontology/FO-06#effective_to,datatype_property,FO-06.effective_to,https://w3id.org/openim/ontology/FO-06#effective_to,effective_to,yes,1,,
https://w3id.org/openim/ontology/FO-06#fee_accrual_id,datatype_property,FO-06.fee_accrual_id,https://w3id.org/openim/ontology/FO-06#fee_accrual_id,fee_accrual_id,yes,1,identifier-key,
https://w3id.org/openim/ontology/FO-06#fee_type,datatype_property,FO-06.fee_type,https://w3id.org/openim/ontology/FO-06#fee_type,fee_type,yes,1,,
https://w3id.org/openim/ontology/FO-06#formula_spec_ref,datatype_property,FO-06.formula_spec_ref,https://w3id.org/openim/ontology/FO-06#formula_spec_ref,formula_spec_ref,yes,1,,
https://w3id.org/openim/ontology/FO-06#hurdle_applied,datatype_property,FO-06.hurdle_applied,https://w3id.org/openim/ontology/FO-06#hurdle_applied,hurdle_applied,yes,1,,
https://w3id.org/openim/ontology/FO-06#hwm_applied,datatype_property,FO-06.hwm_applied,https://w3id.org/openim/ontology/FO-06#hwm_applied,hwm_applied,yes,1,,
https://w3id.org/openim/ontology/FO-06#methodology_version,datatype_property,FO-06.methodology_version,https://w3id.org/openim/ontology/FO-06#methodology_version,methodology_version,yes,1,,
https://w3id.org/openim/ontology/FO-06#net_charge,datatype_property,FO-06.net_charge,https://w3id.org/openim/ontology/FO-06#net_charge,net_charge,yes,1,,
https://w3id.org/openim/ontology/FO-06#period_end,datatype_property,FO-06.period_end,https://w3id.org/openim/ontology/FO-06#period_end,period_end,yes,1,,
https://w3id.org/openim/ontology/FO-06#period_start,datatype_property,FO-06.period_start,https://w3id.org/openim/ontology/FO-06#period_start,period_start,yes,1,,
https://w3id.org/openim/ontology/FO-06#provenance,datatype_property,FO-06.provenance,https://w3id.org/openim/ontology/FO-06#provenance,provenance,yes,1,,
https://w3id.org/openim/ontology/FO-06#record_created_at,datatype_property,FO-06.record_created_at,https://w3id.org/openim/ontology/FO-06#record_created_at,record_created_at,yes,1,,
https://w3id.org/openim/ontology/FO-06#reimbursement_amount,datatype_property,FO-06.reimbursement_amount,https://w3id.org/openim/ontology/FO-06#reimbursement_amount,reimbursement_amount,yes,1,,
https://w3id.org/openim/ontology/FO-06#waiver_cap_amount,datatype_property,FO-06.waiver_cap_amount,https://w3id.org/openim/ontology/FO-06#waiver_cap_amount,waiver_cap_amount,yes,1,,
https://w3id.org/openim/ontology/FO-07#corrects_statement_id,datatype_property,FO-07.corrects_statement_id,https://w3id.org/openim/ontology/FO-07#corrects_statement_id,corrects_statement_id,yes,1,,
https://w3id.org/openim/ontology/FO-07#cost_basis_reported,datatype_property,FO-07.cost_basis_reported,https://w3id.org/openim/ontology/FO-07#cost_basis_reported,cost_basis_reported,yes,1,,
https://w3id.org/openim/ontology/FO-07#currency,datatype_property,FO-07.currency,https://w3id.org/openim/ontology/FO-07#currency,currency,yes,1,,
https://w3id.org/openim/ontology/FO-07#filing_date,datatype_property,FO-07.filing_date,https://w3id.org/openim/ontology/FO-07#filing_date,filing_date,yes,1,,
https://w3id.org/openim/ontology/FO-07#filing_status,datatype_property,FO-07.filing_status,https://w3id.org/openim/ontology/FO-07#filing_status,filing_status,yes,1,,
https://w3id.org/openim/ontology/FO-07#form_type,datatype_property,FO-07.form_type,https://w3id.org/openim/ontology/FO-07#form_type,form_type,yes,1,,
https://w3id.org/openim/ontology/FO-07#issued_at,datatype_property,FO-07.issued_at,https://w3id.org/openim/ontology/FO-07#issued_at,issued_at,yes,1,,
https://w3id.org/openim/ontology/FO-07#record_created_at,datatype_property,FO-07.record_created_at,https://w3id.org/openim/ontology/FO-07#record_created_at,record_created_at,yes,1,,
https://w3id.org/openim/ontology/FO-07#submission_reference,datatype_property,FO-07.submission_reference,https://w3id.org/openim/ontology/FO-07#submission_reference,submission_reference,yes,1,,
https://w3id.org/openim/ontology/FO-07#tax_classification,datatype_property,FO-07.tax_classification,https://w3id.org/openim/ontology/FO-07#tax_classification,tax_classification,yes,1,,
https://w3id.org/openim/ontology/FO-07#tax_statement_id,datatype_property,FO-07.tax_statement_id,https://w3id.org/openim/ontology/FO-07#tax_statement_id,tax_statement_id,yes,1,identifier-key,
https://w3id.org/openim/ontology/FO-07#tax_year,datatype_property,FO-07.tax_year,https://w3id.org/openim/ontology/FO-07#tax_year,tax_year,yes,1,,
https://w3id.org/openim/ontology/FO-07#total_capital_gain,datatype_property,FO-07.total_capital_gain,https://w3id.org/openim/ontology/FO-07#total_capital_gain,total_capital_gain,yes,1,,
https://w3id.org/openim/ontology/FO-07#total_ordinary_income,datatype_property,FO-07.total_ordinary_income,https://w3id.org/openim/ontology/FO-07#total_ordinary_income,total_ordinary_income,yes,1,,
https://w3id.org/openim/ontology/FO-07#total_qualified_income,datatype_property,FO-07.total_qualified_income,https://w3id.org/openim/ontology/FO-07#total_qualified_income,total_qualified_income,yes,1,,
https://w3id.org/openim/ontology/FO-07#withholding_reported,datatype_property,FO-07.withholding_reported,https://w3id.org/openim/ontology/FO-07#withholding_reported,withholding_reported,yes,1,,
https://w3id.org/openim/ontology/FO-08#appointed_date,datatype_property,FO-08.appointed_date,https://w3id.org/openim/ontology/FO-08#appointed_date,appointed_date,yes,1,,
https://w3id.org/openim/ontology/FO-08#appointment_id,datatype_property,FO-08.appointment_id,https://w3id.org/openim/ontology/FO-08#appointment_id,appointment_id,yes,1,identifier-key,
https://w3id.org/openim/ontology/FO-08#role,datatype_property,FO-08.role,https://w3id.org/openim/ontology/FO-08#role,role,yes,1,,
https://w3id.org/openim/ontology/FO-08#status,datatype_property,FO-08.status,https://w3id.org/openim/ontology/FO-08#status,status,yes,1,,
https://w3id.org/openim/ontology/FO-08#terminated_date,datatype_property,FO-08.terminated_date,https://w3id.org/openim/ontology/FO-08#terminated_date,terminated_date,yes,1,,
https://w3id.org/openim/ontology/FO-09#account_status,datatype_property,FO-09.account_status,https://w3id.org/openim/ontology/FO-09#account_status,account_status,yes,1,,
https://w3id.org/openim/ontology/FO-09#closed_date,datatype_property,FO-09.closed_date,https://w3id.org/openim/ontology/FO-09#closed_date,closed_date,yes,1,,
https://w3id.org/openim/ontology/FO-09#definition_type,datatype_property,FO-09.definition_type,https://w3id.org/openim/ontology/FO-09#definition_type,definition_type,yes,1,,
https://w3id.org/openim/ontology/FO-09#fee_basis,datatype_property,FO-09.fee_basis,https://w3id.org/openim/ontology/FO-09#fee_basis,fee_basis,yes,1,,
https://w3id.org/openim/ontology/FO-09#fee_effective_from,datatype_property,FO-09.fee_effective_from,https://w3id.org/openim/ontology/FO-09#fee_effective_from,fee_effective_from,yes,1,,
https://w3id.org/openim/ontology/FO-09#fee_effective_to,datatype_property,FO-09.fee_effective_to,https://w3id.org/openim/ontology/FO-09#fee_effective_to,fee_effective_to,yes,1,,
https://w3id.org/openim/ontology/FO-09#formula_spec_ref,datatype_property,FO-09.formula_spec_ref,https://w3id.org/openim/ontology/FO-09#formula_spec_ref,formula_spec_ref,yes,1,,
https://w3id.org/openim/ontology/FO-09#look_through_arrangement_ref,datatype_property,FO-09.look_through_arrangement_ref,https://w3id.org/openim/ontology/FO-09#look_through_arrangement_ref,look_through_arrgmt_ref,yes,1,property-name-shorten,name 'look_through_arrangement_ref' written as 'look_through_arrgmt_ref' (26-character limit)
https://w3id.org/openim/ontology/FO-09#look_through_available,datatype_property,FO-09.look_through_available,https://w3id.org/openim/ontology/FO-09#look_through_available,look_through_available,yes,1,,
https://w3id.org/openim/ontology/FO-09#omnibus_account_id,datatype_property,FO-09.omnibus_account_id,https://w3id.org/openim/ontology/FO-09#omnibus_account_id,omnibus_account_id,yes,1,identifier-key,
https://w3id.org/openim/ontology/FO-09#opened_date,datatype_property,FO-09.opened_date,https://w3id.org/openim/ontology/FO-09#opened_date,opened_date,yes,1,,
https://w3id.org/openim/ontology/FO-09#register_account_ref,datatype_property,FO-09.register_account_ref,https://w3id.org/openim/ontology/FO-09#register_account_ref,register_account_ref,yes,1,,
https://w3id.org/openim/ontology/FO-09#servicing_fee_rate,datatype_property,FO-09.servicing_fee_rate,https://w3id.org/openim/ontology/FO-09#servicing_fee_rate,servicing_fee_rate,yes,1,,
https://w3id.org/openim/ontology/FO-09#servicing_fee_type,datatype_property,FO-09.servicing_fee_type,https://w3id.org/openim/ontology/FO-09#servicing_fee_type,servicing_fee_type,yes,1,,
https://w3id.org/openim/ontology/FO-10#basket_leg_settlement_date,datatype_property,FO-10.basket_leg_settlement_date,https://w3id.org/openim/ontology/FO-10#basket_leg_settlement_date,basket_leg_settlement_date,yes,1,,
https://w3id.org/openim/ontology/FO-10#basket_leg_settlement_status,datatype_property,FO-10.basket_leg_settlement_status,https://w3id.org/openim/ontology/FO-10#basket_leg_settlement_status,basket_leg_settle_status,yes,1,property-name-shorten,name 'basket_leg_settlement_status' written as 'basket_leg_settle_status' (26-character limit)
https://w3id.org/openim/ontology/FO-10#cash_in_lieu_names,datatype_property,FO-10.cash_in_lieu_names,https://w3id.org/openim/ontology/FO-10#cash_in_lieu_names,cash_in_lieu_names,yes,1,property-type-literal,
https://w3id.org/openim/ontology/FO-10#cash_residual,datatype_property,FO-10.cash_residual,https://w3id.org/openim/ontology/FO-10#cash_residual,cash_residual,yes,1,,
https://w3id.org/openim/ontology/FO-10#creation_redemption_order_id,datatype_property,FO-10.creation_redemption_order_id,https://w3id.org/openim/ontology/FO-10#creation_redemption_order_id,creation_redeem_order_id,yes,1,identifier-key;property-name-shorten,name 'creation_redemption_order_id' written as 'creation_redeem_order_id' (26-character limit)
https://w3id.org/openim/ontology/FO-10#creation_unit_size,datatype_property,FO-10.creation_unit_size,https://w3id.org/openim/ontology/FO-10#creation_unit_size,creation_unit_size,yes,1,,
https://w3id.org/openim/ontology/FO-10#inav_ref,datatype_property,FO-10.inav_ref,https://w3id.org/openim/ontology/FO-10#inav_ref,inav_ref,yes,1,,
https://w3id.org/openim/ontology/FO-10#num_creation_units,datatype_property,FO-10.num_creation_units,https://w3id.org/openim/ontology/FO-10#num_creation_units,num_creation_units,yes,1,,
https://w3id.org/openim/ontology/FO-10#order_date,datatype_property,FO-10.order_date,https://w3id.org/openim/ontology/FO-10#order_date,order_date,yes,1,,
https://w3id.org/openim/ontology/FO-10#order_type,datatype_property,FO-10.order_type,https://w3id.org/openim/ontology/FO-10#order_type,order_type,yes,1,,
https://w3id.org/openim/ontology/FO-10#partial_settlement_flag,datatype_property,FO-10.partial_settlement_flag,https://w3id.org/openim/ontology/FO-10#partial_settlement_flag,partial_settlement_flag,yes,1,,
https://w3id.org/openim/ontology/FO-10#settlement_basis,datatype_property,FO-10.settlement_basis,https://w3id.org/openim/ontology/FO-10#settlement_basis,settlement_basis,yes,1,,
https://w3id.org/openim/ontology/FO-10#settlement_date,datatype_property,FO-10.settlement_date,https://w3id.org/openim/ontology/FO-10#settlement_date,settlement_date,yes,1,,
https://w3id.org/openim/ontology/FO-10#status,datatype_property,FO-10.status,https://w3id.org/openim/ontology/FO-10#status,status,yes,1,,
https://w3id.org/openim/ontology/FO-10#struck_nav_per_unit,datatype_property,FO-10.struck_nav_per_unit,https://w3id.org/openim/ontology/FO-10#struck_nav_per_unit,struck_nav_per_unit,yes,1,,
https://w3id.org/openim/ontology/FO-10#total_shares,datatype_property,FO-10.total_shares,https://w3id.org/openim/ontology/FO-10#total_shares,total_shares,yes,1,,
https://w3id.org/openim/ontology/FO-10#units_leg_settlement_date,datatype_property,FO-10.units_leg_settlement_date,https://w3id.org/openim/ontology/FO-10#units_leg_settlement_date,units_leg_settlement_date,yes,1,,
https://w3id.org/openim/ontology/FO-10#units_leg_settlement_status,datatype_property,FO-10.units_leg_settlement_status,https://w3id.org/openim/ontology/FO-10#units_leg_settlement_status,units_leg_settle_status,yes,1,property-name-shorten,name 'units_leg_settlement_status' written as 'units_leg_settle_status' (26-character limit)
https://w3id.org/openim/ontology/FO-10#valuation_date,datatype_property,FO-10.valuation_date,https://w3id.org/openim/ontology/FO-10#valuation_date,valuation_date,yes,1,,
https://w3id.org/openim/ontology/FO-11#basket_id,datatype_property,FO-11.basket_id,https://w3id.org/openim/ontology/FO-11#basket_id,basket_id,yes,1,identifier-key,
https://w3id.org/openim/ontology/FO-11#basket_type,datatype_property,FO-11.basket_type,https://w3id.org/openim/ontology/FO-11#basket_type,basket_type,yes,1,,
https://w3id.org/openim/ontology/FO-11#cash_component,datatype_property,FO-11.cash_component,https://w3id.org/openim/ontology/FO-11#cash_component,cash_component,yes,1,,
https://w3id.org/openim/ontology/FO-11#cash_component_currency,datatype_property,FO-11.cash_component_currency,https://w3id.org/openim/ontology/FO-11#cash_component_currency,cash_component_currency,yes,1,,
https://w3id.org/openim/ontology/FO-11#creation_unit_size,datatype_property,FO-11.creation_unit_size,https://w3id.org/openim/ontology/FO-11#creation_unit_size,creation_unit_size,yes,1,,
https://w3id.org/openim/ontology/FO-11#dealing_date,datatype_property,FO-11.dealing_date,https://w3id.org/openim/ontology/FO-11#dealing_date,dealing_date,yes,1,,
https://w3id.org/openim/ontology/FO-11#estimated_cash,datatype_property,FO-11.estimated_cash,https://w3id.org/openim/ontology/FO-11#estimated_cash,estimated_cash,yes,1,,
https://w3id.org/openim/ontology/FO-11#market,datatype_property,FO-11.market,https://w3id.org/openim/ontology/FO-11#market,market,yes,1,,
https://w3id.org/openim/ontology/FO-11#published_at,datatype_property,FO-11.published_at,https://w3id.org/openim/ontology/FO-11#published_at,published_at,yes,1,,
https://w3id.org/openim/ontology/FO-11#quantity_per_creation_unit,datatype_property,FO-11.quantity_per_creation_unit,https://w3id.org/openim/ontology/FO-11#quantity_per_creation_unit,quantity_per_creation_unit,yes,1,,
https://w3id.org/openim/ontology/FO-11#total_basket_value,datatype_property,FO-11.total_basket_value,https://w3id.org/openim/ontology/FO-11#total_basket_value,total_basket_value,yes,1,,
https://w3id.org/openim/ontology/FO-12#ap_agreement_id,datatype_property,FO-12.ap_agreement_id,https://w3id.org/openim/ontology/FO-12#ap_agreement_id,ap_agreement_id,yes,1,identifier-key,
https://w3id.org/openim/ontology/FO-12#authorised_date,datatype_property,FO-12.authorised_date,https://w3id.org/openim/ontology/FO-12#authorised_date,authorised_date,yes,1,,
https://w3id.org/openim/ontology/FO-12#creation_fee_basis_points,datatype_property,FO-12.creation_fee_basis_points,https://w3id.org/openim/ontology/FO-12#creation_fee_basis_points,creation_fee_basis_points,yes,1,,
https://w3id.org/openim/ontology/FO-12#credit_standing,datatype_property,FO-12.credit_standing,https://w3id.org/openim/ontology/FO-12#credit_standing,credit_standing,yes,1,,
https://w3id.org/openim/ontology/FO-12#fail_fee_basis_points,datatype_property,FO-12.fail_fee_basis_points,https://w3id.org/openim/ontology/FO-12#fail_fee_basis_points,fail_fee_basis_points,yes,1,,
https://w3id.org/openim/ontology/FO-12#permitted_settlement_basis,datatype_property,FO-12.permitted_settlement_basis,https://w3id.org/openim/ontology/FO-12#permitted_settlement_basis,permitted_settlement_basis,yes,1,,
https://w3id.org/openim/ontology/FO-12#redemption_fee_basis_points,datatype_property,FO-12.redemption_fee_basis_points,https://w3id.org/openim/ontology/FO-12#redemption_fee_basis_points,redemption_fee_bps,yes,1,property-name-shorten,name 'redemption_fee_basis_points' written as 'redemption_fee_bps' (26-character limit)
https://w3id.org/openim/ontology/FO-12#status,datatype_property,FO-12.status,https://w3id.org/openim/ontology/FO-12#status,status,yes,1,,
https://w3id.org/openim/ontology/FO-12#terminated_date,datatype_property,FO-12.terminated_date,https://w3id.org/openim/ontology/FO-12#terminated_date,terminated_date,yes,1,,
https://w3id.org/openim/ontology/FO-12#trading_limit_creation_units,datatype_property,FO-12.trading_limit_creation_units,https://w3id.org/openim/ontology/FO-12#trading_limit_creation_units,trading_limit_create_units,yes,1,property-name-shorten,name 'trading_limit_creation_units' written as 'trading_limit_create_units' (26-character limit)
https://w3id.org/openim/ontology/PB-01#country_of_incorporation,datatype_property,PB-01.country_of_incorporation,https://w3id.org/openim/ontology/PB-01#country_of_incorporation,country_of_incorporation,yes,1,,
https://w3id.org/openim/ontology/PB-01#cusip,datatype_property,PB-01.cusip,https://w3id.org/openim/ontology/PB-01#cusip,cusip,yes,1,,
https://w3id.org/openim/ontology/PB-01#figi,datatype_property,PB-01.figi,https://w3id.org/openim/ontology/PB-01#figi,figi,yes,1,,
https://w3id.org/openim/ontology/PB-01#free_float_pct,datatype_property,PB-01.free_float_pct,https://w3id.org/openim/ontology/PB-01#free_float_pct,free_float_pct,yes,1,,
https://w3id.org/openim/ontology/PB-01#isin,datatype_property,PB-01.isin,https://w3id.org/openim/ontology/PB-01#isin,isin,yes,1,,
https://w3id.org/openim/ontology/PB-01#local_code,datatype_property,PB-01.local_code,https://w3id.org/openim/ontology/PB-01#local_code,local_code,yes,1,,
https://w3id.org/openim/ontology/PB-01#primary_listing_mic,datatype_property,PB-01.primary_listing_mic,https://w3id.org/openim/ontology/PB-01#primary_listing_mic,primary_listing_mic,yes,1,,
https://w3id.org/openim/ontology/PB-01#sedol,datatype_property,PB-01.sedol,https://w3id.org/openim/ontology/PB-01#sedol,sedol,yes,1,,
https://w3id.org/openim/ontology/PB-01#share_class,datatype_property,PB-01.share_class,https://w3id.org/openim/ontology/PB-01#share_class,share_class,yes,1,,
https://w3id.org/openim/ontology/PB-01#shares_outstanding,datatype_property,PB-01.shares_outstanding,https://w3id.org/openim/ontology/PB-01#shares_outstanding,shares_outstanding,yes,1,,
https://w3id.org/openim/ontology/PB-01#status,datatype_property,PB-01.status,https://w3id.org/openim/ontology/PB-01#status,status,yes,1,,
https://w3id.org/openim/ontology/PB-01#trading_currency,datatype_property,PB-01.trading_currency,https://w3id.org/openim/ontology/PB-01#trading_currency,trading_currency,yes,1,,
https://w3id.org/openim/ontology/PB-01#voting_rights_per_share,datatype_property,PB-01.voting_rights_per_share,https://w3id.org/openim/ontology/PB-01#voting_rights_per_share,voting_rights_per_share,yes,1,,
https://w3id.org/openim/ontology/PB-02#amortising,datatype_property,PB-02.amortising,https://w3id.org/openim/ontology/PB-02#amortising,amortising,yes,1,,
https://w3id.org/openim/ontology/PB-02#callable,datatype_property,PB-02.callable,https://w3id.org/openim/ontology/PB-02#callable,callable,yes,1,,
https://w3id.org/openim/ontology/PB-02#coupon_frequency,datatype_property,PB-02.coupon_frequency,https://w3id.org/openim/ontology/PB-02#coupon_frequency,coupon_frequency,yes,1,,
https://w3id.org/openim/ontology/PB-02#coupon_rate,datatype_property,PB-02.coupon_rate,https://w3id.org/openim/ontology/PB-02#coupon_rate,coupon_rate,yes,1,,
https://w3id.org/openim/ontology/PB-02#coupon_type,datatype_property,PB-02.coupon_type,https://w3id.org/openim/ontology/PB-02#coupon_type,coupon_type,yes,1,,
https://w3id.org/openim/ontology/PB-02#currency,datatype_property,PB-02.currency,https://w3id.org/openim/ontology/PB-02#currency,currency,yes,1,,
https://w3id.org/openim/ontology/PB-02#cusip,datatype_property,PB-02.cusip,https://w3id.org/openim/ontology/PB-02#cusip,cusip,yes,1,,
https://w3id.org/openim/ontology/PB-02#day_count_convention,datatype_property,PB-02.day_count_convention,https://w3id.org/openim/ontology/PB-02#day_count_convention,day_count_convention,yes,1,,
https://w3id.org/openim/ontology/PB-02#debt_type,datatype_property,PB-02.debt_type,https://w3id.org/openim/ontology/PB-02#debt_type,debt_type,yes,1,,
https://w3id.org/openim/ontology/PB-02#face_value,datatype_property,PB-02.face_value,https://w3id.org/openim/ontology/PB-02#face_value,face_value,yes,1,,
https://w3id.org/openim/ontology/PB-02#figi,datatype_property,PB-02.figi,https://w3id.org/openim/ontology/PB-02#figi,figi,yes,1,,
https://w3id.org/openim/ontology/PB-02#isin,datatype_property,PB-02.isin,https://w3id.org/openim/ontology/PB-02#isin,isin,yes,1,,
https://w3id.org/openim/ontology/PB-02#issue_date,datatype_property,PB-02.issue_date,https://w3id.org/openim/ontology/PB-02#issue_date,issue_date,yes,1,,
https://w3id.org/openim/ontology/PB-02#maturity_date,datatype_property,PB-02.maturity_date,https://w3id.org/openim/ontology/PB-02#maturity_date,maturity_date,yes,1,,
https://w3id.org/openim/ontology/PB-02#reference_rate,datatype_property,PB-02.reference_rate,https://w3id.org/openim/ontology/PB-02#reference_rate,reference_rate,yes,1,,
https://w3id.org/openim/ontology/PB-02#seniority,datatype_property,PB-02.seniority,https://w3id.org/openim/ontology/PB-02#seniority,seniority,yes,1,,
https://w3id.org/openim/ontology/PB-02#status,datatype_property,PB-02.status,https://w3id.org/openim/ontology/PB-02#status,status,yes,1,,
https://w3id.org/openim/ontology/PB-03#execution_venue,datatype_property,PB-03.execution_venue,https://w3id.org/openim/ontology/PB-03#execution_venue,execution_venue,yes,1,,
https://w3id.org/openim/ontology/PB-03#filled_quantity,datatype_property,PB-03.filled_quantity,https://w3id.org/openim/ontology/PB-03#filled_quantity,filled_quantity,yes,1,,
https://w3id.org/openim/ontology/PB-03#limit_price,datatype_property,PB-03.limit_price,https://w3id.org/openim/ontology/PB-03#limit_price,limit_price,yes,1,,
https://w3id.org/openim/ontology/PB-03#order_datetime,datatype_property,PB-03.order_datetime,https://w3id.org/openim/ontology/PB-03#order_datetime,order_datetime,yes,1,,
https://w3id.org/openim/ontology/PB-03#order_id,datatype_property,PB-03.order_id,https://w3id.org/openim/ontology/PB-03#order_id,order_id,yes,1,identifier-key,
https://w3id.org/openim/ontology/PB-03#order_quantity,datatype_property,PB-03.order_quantity,https://w3id.org/openim/ontology/PB-03#order_quantity,order_quantity,yes,1,,
https://w3id.org/openim/ontology/PB-03#order_status,datatype_property,PB-03.order_status,https://w3id.org/openim/ontology/PB-03#order_status,order_status,yes,1,,
https://w3id.org/openim/ontology/PB-03#order_type,datatype_property,PB-03.order_type,https://w3id.org/openim/ontology/PB-03#order_type,order_type,yes,1,,
https://w3id.org/openim/ontology/PB-03#parent_order_id,datatype_property,PB-03.parent_order_id,https://w3id.org/openim/ontology/PB-03#parent_order_id,parent_order_id,yes,1,,
https://w3id.org/openim/ontology/PB-03#pre_trade_compliance_status,datatype_property,PB-03.pre_trade_compliance_status,https://w3id.org/openim/ontology/PB-03#pre_trade_compliance_status,pre_trade_compl_status,yes,1,property-name-shorten,name 'pre_trade_compliance_status' written as 'pre_trade_compl_status' (26-character limit)
https://w3id.org/openim/ontology/PB-03#side,datatype_property,PB-03.side,https://w3id.org/openim/ontology/PB-03#side,side,yes,1,,
https://w3id.org/openim/ontology/PB-03#source,datatype_property,PB-03.source,https://w3id.org/openim/ontology/PB-03#source,source,yes,1,,
https://w3id.org/openim/ontology/PB-03#time_in_force,datatype_property,PB-03.time_in_force,https://w3id.org/openim/ontology/PB-03#time_in_force,time_in_force,yes,1,,
https://w3id.org/openim/ontology/PB-04#accrued_interest,datatype_property,PB-04.accrued_interest,https://w3id.org/openim/ontology/PB-04#accrued_interest,accrued_interest,yes,1,,
https://w3id.org/openim/ontology/PB-04#commission,datatype_property,PB-04.commission,https://w3id.org/openim/ontology/PB-04#commission,commission,yes,1,,
https://w3id.org/openim/ontology/PB-04#executed_price,datatype_property,PB-04.executed_price,https://w3id.org/openim/ontology/PB-04#executed_price,executed_price,yes,1,,
https://w3id.org/openim/ontology/PB-04#executed_quantity,datatype_property,PB-04.executed_quantity,https://w3id.org/openim/ontology/PB-04#executed_quantity,executed_quantity,yes,1,,
https://w3id.org/openim/ontology/PB-04#execution_capacity,datatype_property,PB-04.execution_capacity,https://w3id.org/openim/ontology/PB-04#execution_capacity,execution_capacity,yes,1,,
https://w3id.org/openim/ontology/PB-04#execution_datetime,datatype_property,PB-04.execution_datetime,https://w3id.org/openim/ontology/PB-04#execution_datetime,execution_datetime,yes,1,,
https://w3id.org/openim/ontology/PB-04#execution_id,datatype_property,PB-04.execution_id,https://w3id.org/openim/ontology/PB-04#execution_id,execution_id,yes,1,identifier-key,
https://w3id.org/openim/ontology/PB-04#execution_venue,datatype_property,PB-04.execution_venue,https://w3id.org/openim/ontology/PB-04#execution_venue,execution_venue,yes,1,,
https://w3id.org/openim/ontology/PB-04#gross_amount,datatype_property,PB-04.gross_amount,https://w3id.org/openim/ontology/PB-04#gross_amount,gross_amount,yes,1,,
https://w3id.org/openim/ontology/PB-04#last_liquidity_indicator,datatype_property,PB-04.last_liquidity_indicator,https://w3id.org/openim/ontology/PB-04#last_liquidity_indicator,last_liquidity_indicator,yes,1,,
https://w3id.org/openim/ontology/PB-04#net_amount,datatype_property,PB-04.net_amount,https://w3id.org/openim/ontology/PB-04#net_amount,net_amount,yes,1,,
https://w3id.org/openim/ontology/PB-04#settlement_date,datatype_property,PB-04.settlement_date,https://w3id.org/openim/ontology/PB-04#settlement_date,settlement_date,yes,1,,
https://w3id.org/openim/ontology/PB-04#side,datatype_property,PB-04.side,https://w3id.org/openim/ontology/PB-04#side,side,yes,1,,
https://w3id.org/openim/ontology/PB-04#taxes_and_fees,datatype_property,PB-04.taxes_and_fees,https://w3id.org/openim/ontology/PB-04#taxes_and_fees,taxes_and_fees,yes,1,,
https://w3id.org/openim/ontology/PB-04#trade_date,datatype_property,PB-04.trade_date,https://w3id.org/openim/ontology/PB-04#trade_date,trade_date,yes,1,,
https://w3id.org/openim/ontology/PB-05#allocated_quantity,datatype_property,PB-05.allocated_quantity,https://w3id.org/openim/ontology/PB-05#allocated_quantity,allocated_quantity,yes,1,,
https://w3id.org/openim/ontology/PB-05#allocation_datetime,datatype_property,PB-05.allocation_datetime,https://w3id.org/openim/ontology/PB-05#allocation_datetime,allocation_datetime,yes,1,,
https://w3id.org/openim/ontology/PB-05#allocation_id,datatype_property,PB-05.allocation_id,https://w3id.org/openim/ontology/PB-05#allocation_id,allocation_id,yes,1,identifier-key,
https://w3id.org/openim/ontology/PB-05#allocation_method,datatype_property,PB-05.allocation_method,https://w3id.org/openim/ontology/PB-05#allocation_method,allocation_method,yes,1,,
https://w3id.org/openim/ontology/PB-05#allocation_status,datatype_property,PB-05.allocation_status,https://w3id.org/openim/ontology/PB-05#allocation_status,allocation_status,yes,1,,
https://w3id.org/openim/ontology/PB-05#average_price,datatype_property,PB-05.average_price,https://w3id.org/openim/ontology/PB-05#average_price,average_price,yes,1,,
https://w3id.org/openim/ontology/PB-05#commission,datatype_property,PB-05.commission,https://w3id.org/openim/ontology/PB-05#commission,commission,yes,1,,
https://w3id.org/openim/ontology/PB-05#gross_amount,datatype_property,PB-05.gross_amount,https://w3id.org/openim/ontology/PB-05#gross_amount,gross_amount,yes,1,,
https://w3id.org/openim/ontology/PB-05#net_amount,datatype_property,PB-05.net_amount,https://w3id.org/openim/ontology/PB-05#net_amount,net_amount,yes,1,,
https://w3id.org/openim/ontology/PB-05#side,datatype_property,PB-05.side,https://w3id.org/openim/ontology/PB-05#side,side,yes,1,,
https://w3id.org/openim/ontology/PB-05#taxes_and_fees,datatype_property,PB-05.taxes_and_fees,https://w3id.org/openim/ontology/PB-05#taxes_and_fees,taxes_and_fees,yes,1,,
https://w3id.org/openim/ontology/PB-06#actual_settlement_date,datatype_property,PB-06.actual_settlement_date,https://w3id.org/openim/ontology/PB-06#actual_settlement_date,actual_settlement_date,yes,1,,
https://w3id.org/openim/ontology/PB-06#contractual_settlement_date,datatype_property,PB-06.contractual_settlement_date,https://w3id.org/openim/ontology/PB-06#contractual_settlement_date,contractual_settle_date,yes,1,property-name-shorten,name 'contractual_settlement_date' written as 'contractual_settle_date' (26-character limit)
https://w3id.org/openim/ontology/PB-06#direction,datatype_property,PB-06.direction,https://w3id.org/openim/ontology/PB-06#direction,direction,yes,1,,
https://w3id.org/openim/ontology/PB-06#fail_reason,datatype_property,PB-06.fail_reason,https://w3id.org/openim/ontology/PB-06#fail_reason,fail_reason,yes,1,,
https://w3id.org/openim/ontology/PB-06#place_of_settlement,datatype_property,PB-06.place_of_settlement,https://w3id.org/openim/ontology/PB-06#place_of_settlement,place_of_settlement,yes,1,,
https://w3id.org/openim/ontology/PB-06#quantity,datatype_property,PB-06.quantity,https://w3id.org/openim/ontology/PB-06#quantity,quantity,yes,1,,
https://w3id.org/openim/ontology/PB-06#settlement_amount,datatype_property,PB-06.settlement_amount,https://w3id.org/openim/ontology/PB-06#settlement_amount,settlement_amount,yes,1,,
https://w3id.org/openim/ontology/PB-06#settlement_currency,datatype_property,PB-06.settlement_currency,https://w3id.org/openim/ontology/PB-06#settlement_currency,settlement_currency,yes,1,,
https://w3id.org/openim/ontology/PB-06#settlement_instruction_id,datatype_property,PB-06.settlement_instruction_id,https://w3id.org/openim/ontology/PB-06#settlement_instruction_id,settlement_instruction_id,yes,1,identifier-key,
https://w3id.org/openim/ontology/PB-06#settlement_status,datatype_property,PB-06.settlement_status,https://w3id.org/openim/ontology/PB-06#settlement_status,settlement_status,yes,1,,
https://w3id.org/openim/ontology/PB-06#settlement_type,datatype_property,PB-06.settlement_type,https://w3id.org/openim/ontology/PB-06#settlement_type,settlement_type,yes,1,,
https://w3id.org/openim/ontology/PB-06#ssi_reference,datatype_property,PB-06.ssi_reference,https://w3id.org/openim/ontology/PB-06#ssi_reference,ssi_reference,yes,1,,
https://w3id.org/openim/ontology/PB-07#announcement_date,datatype_property,PB-07.announcement_date,https://w3id.org/openim/ontology/PB-07#announcement_date,announcement_date,yes,1,,
https://w3id.org/openim/ontology/PB-07#cash_rate,datatype_property,PB-07.cash_rate,https://w3id.org/openim/ontology/PB-07#cash_rate,cash_rate,yes,1,,
https://w3id.org/openim/ontology/PB-07#corporate_action_id,datatype_property,PB-07.corporate_action_id,https://w3id.org/openim/ontology/PB-07#corporate_action_id,corporate_action_id,yes,1,identifier-key,
https://w3id.org/openim/ontology/PB-07#currency,datatype_property,PB-07.currency,https://w3id.org/openim/ontology/PB-07#currency,currency,yes,1,,
https://w3id.org/openim/ontology/PB-07#election_deadline,datatype_property,PB-07.election_deadline,https://w3id.org/openim/ontology/PB-07#election_deadline,election_deadline,yes,1,,
https://w3id.org/openim/ontology/PB-07#event_status,datatype_property,PB-07.event_status,https://w3id.org/openim/ontology/PB-07#event_status,event_status,yes,1,,
https://w3id.org/openim/ontology/PB-07#event_type,datatype_property,PB-07.event_type,https://w3id.org/openim/ontology/PB-07#event_type,event_type,yes,1,,
https://w3id.org/openim/ontology/PB-07#ex_date,datatype_property,PB-07.ex_date,https://w3id.org/openim/ontology/PB-07#ex_date,ex_date,yes,1,,
https://w3id.org/openim/ontology/PB-07#mandatory_voluntary,datatype_property,PB-07.mandatory_voluntary,https://w3id.org/openim/ontology/PB-07#mandatory_voluntary,mandatory_voluntary,yes,1,,
https://w3id.org/openim/ontology/PB-07#payment_date,datatype_property,PB-07.payment_date,https://w3id.org/openim/ontology/PB-07#payment_date,payment_date,yes,1,,
https://w3id.org/openim/ontology/PB-07#record_date,datatype_property,PB-07.record_date,https://w3id.org/openim/ontology/PB-07#record_date,record_date,yes,1,,
https://w3id.org/openim/ontology/PB-07#source,datatype_property,PB-07.source,https://w3id.org/openim/ontology/PB-07#source,source,yes,1,,
https://w3id.org/openim/ontology/PB-07#terms_ratio,datatype_property,PB-07.terms_ratio,https://w3id.org/openim/ontology/PB-07#terms_ratio,terms_ratio,yes,1,,
https://w3id.org/openim/ontology/PB-08#amount_per_unit,datatype_property,PB-08.amount_per_unit,https://w3id.org/openim/ontology/PB-08#amount_per_unit,amount_per_unit,yes,1,,
https://w3id.org/openim/ontology/PB-08#currency,datatype_property,PB-08.currency,https://w3id.org/openim/ontology/PB-08#currency,currency,yes,1,,
https://w3id.org/openim/ontology/PB-08#income_schedule_id,datatype_property,PB-08.income_schedule_id,https://w3id.org/openim/ontology/PB-08#income_schedule_id,income_schedule_id,yes,1,identifier-key,
https://w3id.org/openim/ontology/PB-08#income_type,datatype_property,PB-08.income_type,https://w3id.org/openim/ontology/PB-08#income_type,income_type,yes,1,,
https://w3id.org/openim/ontology/PB-08#is_projected,datatype_property,PB-08.is_projected,https://w3id.org/openim/ontology/PB-08#is_projected,is_projected,yes,1,,
https://w3id.org/openim/ontology/PB-08#period_end_date,datatype_property,PB-08.period_end_date,https://w3id.org/openim/ontology/PB-08#period_end_date,period_end_date,yes,1,,
https://w3id.org/openim/ontology/PB-08#period_start_date,datatype_property,PB-08.period_start_date,https://w3id.org/openim/ontology/PB-08#period_start_date,period_start_date,yes,1,,
https://w3id.org/openim/ontology/PB-08#rate,datatype_property,PB-08.rate,https://w3id.org/openim/ontology/PB-08#rate,rate,yes,1,,
https://w3id.org/openim/ontology/PB-08#reset_rate_observed,datatype_property,PB-08.reset_rate_observed,https://w3id.org/openim/ontology/PB-08#reset_rate_observed,reset_rate_observed,yes,1,,
https://w3id.org/openim/ontology/PB-08#schedule_status,datatype_property,PB-08.schedule_status,https://w3id.org/openim/ontology/PB-08#schedule_status,schedule_status,yes,1,,
https://w3id.org/openim/ontology/PB-08#scheduled_payment_date,datatype_property,PB-08.scheduled_payment_date,https://w3id.org/openim/ontology/PB-08#scheduled_payment_date,scheduled_payment_date,yes,1,,
https://w3id.org/openim/ontology/PB-09#capping_applied,datatype_property,PB-09.capping_applied,https://w3id.org/openim/ontology/PB-09#capping_applied,capping_applied,yes,1,,
https://w3id.org/openim/ontology/PB-09#effective_from,datatype_property,PB-09.effective_from,https://w3id.org/openim/ontology/PB-09#effective_from,effective_from,yes,1,,
https://w3id.org/openim/ontology/PB-09#effective_to,datatype_property,PB-09.effective_to,https://w3id.org/openim/ontology/PB-09#effective_to,effective_to,yes,1,,
https://w3id.org/openim/ontology/PB-09#inclusion_event,datatype_property,PB-09.inclusion_event,https://w3id.org/openim/ontology/PB-09#inclusion_event,inclusion_event,yes,1,,
https://w3id.org/openim/ontology/PB-09#index_constituent_id,datatype_property,PB-09.index_constituent_id,https://w3id.org/openim/ontology/PB-09#index_constituent_id,index_constituent_id,yes,1,identifier-key,
https://w3id.org/openim/ontology/PB-09#index_weight,datatype_property,PB-09.index_weight,https://w3id.org/openim/ontology/PB-09#index_weight,index_weight,yes,1,,
https://w3id.org/openim/ontology/PB-09#provider,datatype_property,PB-09.provider,https://w3id.org/openim/ontology/PB-09#provider,provider,yes,1,,
https://w3id.org/openim/ontology/PB-09#shares_in_index,datatype_property,PB-09.shares_in_index,https://w3id.org/openim/ontology/PB-09#shares_in_index,shares_in_index,yes,1,,
https://w3id.org/openim/ontology/PB-09#weight_basis,datatype_property,PB-09.weight_basis,https://w3id.org/openim/ontology/PB-09#weight_basis,weight_basis,yes,1,,
https://w3id.org/openim/ontology/PB-10#fee_rate,datatype_property,PB-10.fee_rate,https://w3id.org/openim/ontology/PB-10#fee_rate,fee_rate,yes,1,,
https://w3id.org/openim/ontology/PB-10#lent_quantity,datatype_property,PB-10.lent_quantity,https://w3id.org/openim/ontology/PB-10#lent_quantity,lent_quantity,yes,1,,
https://w3id.org/openim/ontology/PB-10#loan_id,datatype_property,PB-10.loan_id,https://w3id.org/openim/ontology/PB-10#loan_id,loan_id,yes,1,identifier-key,
https://w3id.org/openim/ontology/PB-10#loan_start_date,datatype_property,PB-10.loan_start_date,https://w3id.org/openim/ontology/PB-10#loan_start_date,loan_start_date,yes,1,,
https://w3id.org/openim/ontology/PB-10#loan_status,datatype_property,PB-10.loan_status,https://w3id.org/openim/ontology/PB-10#loan_status,loan_status,yes,1,,
https://w3id.org/openim/ontology/PB-10#master_agreement_ref,datatype_property,PB-10.master_agreement_ref,https://w3id.org/openim/ontology/PB-10#master_agreement_ref,master_agreement_ref,yes,1,,
https://w3id.org/openim/ontology/PB-10#recall_status,datatype_property,PB-10.recall_status,https://w3id.org/openim/ontology/PB-10#recall_status,recall_status,yes,1,,
https://w3id.org/openim/ontology/PB-10#revenue_accrued,datatype_property,PB-10.revenue_accrued,https://w3id.org/openim/ontology/PB-10#revenue_accrued,revenue_accrued,yes,1,,
https://w3id.org/openim/ontology/PB-10#term,datatype_property,PB-10.term,https://w3id.org/openim/ontology/PB-10#term,term,yes,1,,
https://w3id.org/openim/ontology/PB-11#cast_vote,datatype_property,PB-11.cast_vote,https://w3id.org/openim/ontology/PB-11#cast_vote,cast_vote,yes,1,,
https://w3id.org/openim/ontology/PB-11#confirmation_status,datatype_property,PB-11.confirmation_status,https://w3id.org/openim/ontology/PB-11#confirmation_status,confirmation_status,yes,1,,
https://w3id.org/openim/ontology/PB-11#conflict_flag,datatype_property,PB-11.conflict_flag,https://w3id.org/openim/ontology/PB-11#conflict_flag,conflict_flag,yes,1,,
https://w3id.org/openim/ontology/PB-11#holding_qty_at_record_date,datatype_property,PB-11.holding_qty_at_record_date,https://w3id.org/openim/ontology/PB-11#holding_qty_at_record_date,holding_qty_at_record_date,yes,1,,
https://w3id.org/openim/ontology/PB-11#lodged_date,datatype_property,PB-11.lodged_date,https://w3id.org/openim/ontology/PB-11#lodged_date,lodged_date,yes,1,,
https://w3id.org/openim/ontology/PB-11#policy_basis,datatype_property,PB-11.policy_basis,https://w3id.org/openim/ontology/PB-11#policy_basis,policy_basis,yes,1,,
https://w3id.org/openim/ontology/PB-11#proxy_adviser_rec,datatype_property,PB-11.proxy_adviser_rec,https://w3id.org/openim/ontology/PB-11#proxy_adviser_rec,proxy_adviser_rec,yes,1,,
https://w3id.org/openim/ontology/PB-11#rationale,datatype_property,PB-11.rationale,https://w3id.org/openim/ontology/PB-11#rationale,rationale,yes,1,,
https://w3id.org/openim/ontology/PB-11#recommended_vote,datatype_property,PB-11.recommended_vote,https://w3id.org/openim/ontology/PB-11#recommended_vote,recommended_vote,yes,1,,
https://w3id.org/openim/ontology/PB-11#resolution_ref,datatype_property,PB-11.resolution_ref,https://w3id.org/openim/ontology/PB-11#resolution_ref,resolution_ref,yes,1,,
https://w3id.org/openim/ontology/PB-11#vote_id,datatype_property,PB-11.vote_id,https://w3id.org/openim/ontology/PB-11#vote_id,vote_id,yes,1,identifier-key,
https://w3id.org/openim/ontology/PM-01#committed_capital_usd,datatype_property,PM-01.committed_capital_usd,https://w3id.org/openim/ontology/PM-01#committed_capital_usd,committed_capital_usd,yes,1,,
https://w3id.org/openim/ontology/PM-01#currency,datatype_property,PM-01.currency,https://w3id.org/openim/ontology/PM-01#currency,currency,yes,1,,
https://w3id.org/openim/ontology/PM-01#domicile,datatype_property,PM-01.domicile,https://w3id.org/openim/ontology/PM-01#domicile,domicile,yes,1,,
https://w3id.org/openim/ontology/PM-01#external_ids,datatype_property,PM-01.external_ids,https://w3id.org/openim/ontology/PM-01#external_ids,external_ids,yes,1,property-type-literal,
https://w3id.org/openim/ontology/PM-01#family_name,datatype_property,PM-01.family_name,https://w3id.org/openim/ontology/PM-01#family_name,family_name,yes,1,,
https://w3id.org/openim/ontology/PM-01#fund_family_id,datatype_property,PM-01.fund_family_id,https://w3id.org/openim/ontology/PM-01#fund_family_id,fund_family_id,yes,1,,
https://w3id.org/openim/ontology/PM-01#fund_id,datatype_property,PM-01.fund_id,https://w3id.org/openim/ontology/PM-01#fund_id,fund_id,yes,1,identifier-key,
https://w3id.org/openim/ontology/PM-01#fund_name,datatype_property,PM-01.fund_name,https://w3id.org/openim/ontology/PM-01#fund_name,fund_name,yes,1,,
https://w3id.org/openim/ontology/PM-01#fund_status,datatype_property,PM-01.fund_status,https://w3id.org/openim/ontology/PM-01#fund_status,fund_status,yes,1,,
https://w3id.org/openim/ontology/PM-01#known_aliases,datatype_property,PM-01.known_aliases,https://w3id.org/openim/ontology/PM-01#known_aliases,known_aliases,yes,1,property-type-literal,
https://w3id.org/openim/ontology/PM-01#last_reviewed_at,datatype_property,PM-01.last_reviewed_at,https://w3id.org/openim/ontology/PM-01#last_reviewed_at,last_reviewed_at,yes,1,,
https://w3id.org/openim/ontology/PM-01#lei,datatype_property,PM-01.lei,https://w3id.org/openim/ontology/PM-01#lei,lei,yes,1,,
https://w3id.org/openim/ontology/PM-01#strategy,datatype_property,PM-01.strategy,https://w3id.org/openim/ontology/PM-01#strategy,strategy,yes,1,,
https://w3id.org/openim/ontology/PM-01#total_committed_usd,datatype_property,PM-01.total_committed_usd,https://w3id.org/openim/ontology/PM-01#total_committed_usd,total_committed_usd,yes,1,,
https://w3id.org/openim/ontology/PM-01#vehicle_count,datatype_property,PM-01.vehicle_count,https://w3id.org/openim/ontology/PM-01#vehicle_count,vehicle_count,yes,1,,
https://w3id.org/openim/ontology/PM-01#vehicle_type,datatype_property,PM-01.vehicle_type,https://w3id.org/openim/ontology/PM-01#vehicle_type,vehicle_type,yes,1,,
https://w3id.org/openim/ontology/PM-01#vintage_year,datatype_property,PM-01.vintage_year,https://w3id.org/openim/ontology/PM-01#vintage_year,vintage_year,yes,1,,
https://w3id.org/openim/ontology/PM-02#domicile,datatype_property,PM-02.domicile,https://w3id.org/openim/ontology/PM-02#domicile,domicile,yes,1,,
https://w3id.org/openim/ontology/PM-02#external_ids,datatype_property,PM-02.external_ids,https://w3id.org/openim/ontology/PM-02#external_ids,external_ids,yes,1,property-type-literal,
https://w3id.org/openim/ontology/PM-02#gp_id,datatype_property,PM-02.gp_id,https://w3id.org/openim/ontology/PM-02#gp_id,gp_id,yes,1,identifier-key,
https://w3id.org/openim/ontology/PM-02#gp_name,datatype_property,PM-02.gp_name,https://w3id.org/openim/ontology/PM-02#gp_name,gp_name,yes,1,,
https://w3id.org/openim/ontology/PM-02#known_aliases,datatype_property,PM-02.known_aliases,https://w3id.org/openim/ontology/PM-02#known_aliases,known_aliases,yes,1,property-type-literal,
https://w3id.org/openim/ontology/PM-02#lei,datatype_property,PM-02.lei,https://w3id.org/openim/ontology/PM-02#lei,lei,yes,1,,
https://w3id.org/openim/ontology/PM-02#relationship_start_date,datatype_property,PM-02.relationship_start_date,https://w3id.org/openim/ontology/PM-02#relationship_start_date,relationship_start_date,yes,1,,
https://w3id.org/openim/ontology/PM-03#admin_id,datatype_property,PM-03.admin_id,https://w3id.org/openim/ontology/PM-03#admin_id,admin_id,yes,1,identifier-key,
https://w3id.org/openim/ontology/PM-03#admin_name,datatype_property,PM-03.admin_name,https://w3id.org/openim/ontology/PM-03#admin_name,admin_name,yes,1,,
https://w3id.org/openim/ontology/PM-03#data_quality_tier,datatype_property,PM-03.data_quality_tier,https://w3id.org/openim/ontology/PM-03#data_quality_tier,data_quality_tier,yes,1,,
https://w3id.org/openim/ontology/PM-03#delivery_method,datatype_property,PM-03.delivery_method,https://w3id.org/openim/ontology/PM-03#delivery_method,delivery_method,yes,1,,
https://w3id.org/openim/ontology/PM-03#funds_administered,datatype_property,PM-03.funds_administered,https://w3id.org/openim/ontology/PM-03#funds_administered,funds_administered,yes,1,,
https://w3id.org/openim/ontology/PM-03#notes,datatype_property,PM-03.notes,https://w3id.org/openim/ontology/PM-03#notes,notes,yes,1,,
https://w3id.org/openim/ontology/PM-03#primary_contact,datatype_property,PM-03.primary_contact,https://w3id.org/openim/ontology/PM-03#primary_contact,primary_contact,yes,1,,
https://w3id.org/openim/ontology/PM-04#company_id,datatype_property,PM-04.company_id,https://w3id.org/openim/ontology/PM-04#company_id,company_id,yes,1,identifier-key,
https://w3id.org/openim/ontology/PM-04#company_name,datatype_property,PM-04.company_name,https://w3id.org/openim/ontology/PM-04#company_name,company_name,yes,1,,
https://w3id.org/openim/ontology/PM-04#country,datatype_property,PM-04.country,https://w3id.org/openim/ontology/PM-04#country,country,yes,1,,
https://w3id.org/openim/ontology/PM-04#external_ids,datatype_property,PM-04.external_ids,https://w3id.org/openim/ontology/PM-04#external_ids,external_ids,yes,1,property-type-literal,
https://w3id.org/openim/ontology/PM-04#first_seen_at,datatype_property,PM-04.first_seen_at,https://w3id.org/openim/ontology/PM-04#first_seen_at,first_seen_at,yes,1,,
https://w3id.org/openim/ontology/PM-04#gp_relationships,datatype_property,PM-04.gp_relationships,https://w3id.org/openim/ontology/PM-04#gp_relationships,gp_relationships,yes,1,property-type-literal,
https://w3id.org/openim/ontology/PM-04#known_aliases,datatype_property,PM-04.known_aliases,https://w3id.org/openim/ontology/PM-04#known_aliases,known_aliases,yes,1,property-type-literal,
https://w3id.org/openim/ontology/PM-04#last_reviewed_at,datatype_property,PM-04.last_reviewed_at,https://w3id.org/openim/ontology/PM-04#last_reviewed_at,last_reviewed_at,yes,1,,
https://w3id.org/openim/ontology/PM-04#lei,datatype_property,PM-04.lei,https://w3id.org/openim/ontology/PM-04#lei,lei,yes,1,,
https://w3id.org/openim/ontology/PM-04#reviewed_by,datatype_property,PM-04.reviewed_by,https://w3id.org/openim/ontology/PM-04#reviewed_by,reviewed_by,yes,1,,
https://w3id.org/openim/ontology/PM-04#sector,datatype_property,PM-04.sector,https://w3id.org/openim/ontology/PM-04#sector,sector,yes,1,,
https://w3id.org/openim/ontology/PM-04#status,datatype_property,PM-04.status,https://w3id.org/openim/ontology/PM-04#status,status,yes,1,,
https://w3id.org/openim/ontology/PM-04#sub_sector,datatype_property,PM-04.sub_sector,https://w3id.org/openim/ontology/PM-04#sub_sector,sub_sector,yes,1,,
https://w3id.org/openim/ontology/PM-04#successor_company_id,datatype_property,PM-04.successor_company_id,https://w3id.org/openim/ontology/PM-04#successor_company_id,successor_company_id,yes,1,,
https://w3id.org/openim/ontology/PM-05#incorporation_date,datatype_property,PM-05.incorporation_date,https://w3id.org/openim/ontology/PM-05#incorporation_date,incorporation_date,yes,1,,
https://w3id.org/openim/ontology/PM-05#jurisdiction,datatype_property,PM-05.jurisdiction,https://w3id.org/openim/ontology/PM-05#jurisdiction,jurisdiction,yes,1,,
https://w3id.org/openim/ontology/PM-05#lei,datatype_property,PM-05.lei,https://w3id.org/openim/ontology/PM-05#lei,lei,yes,1,,
https://w3id.org/openim/ontology/PM-05#vehicle_id,datatype_property,PM-05.vehicle_id,https://w3id.org/openim/ontology/PM-05#vehicle_id,vehicle_id,yes,1,identifier-key,
https://w3id.org/openim/ontology/PM-05#vehicle_name,datatype_property,PM-05.vehicle_name,https://w3id.org/openim/ontology/PM-05#vehicle_name,vehicle_name,yes,1,,
https://w3id.org/openim/ontology/PM-05#vehicle_type,datatype_property,PM-05.vehicle_type,https://w3id.org/openim/ontology/PM-05#vehicle_type,vehicle_type,yes,1,,
https://w3id.org/openim/ontology/PM-06#commitment_date,datatype_property,PM-06.commitment_date,https://w3id.org/openim/ontology/PM-06#commitment_date,commitment_date,yes,1,,
https://w3id.org/openim/ontology/PM-06#commitment_id,datatype_property,PM-06.commitment_id,https://w3id.org/openim/ontology/PM-06#commitment_id,commitment_id,yes,1,identifier-key,
https://w3id.org/openim/ontology/PM-06#committed_usd,datatype_property,PM-06.committed_usd,https://w3id.org/openim/ontology/PM-06#committed_usd,committed_usd,yes,1,,
https://w3id.org/openim/ontology/PM-06#currency,datatype_property,PM-06.currency,https://w3id.org/openim/ontology/PM-06#currency,currency,yes,1,,
https://w3id.org/openim/ontology/PM-07#amount_usd,datatype_property,PM-07.amount_usd,https://w3id.org/openim/ontology/PM-07#amount_usd,amount_usd,yes,1,,
https://w3id.org/openim/ontology/PM-07#call_date,datatype_property,PM-07.call_date,https://w3id.org/openim/ontology/PM-07#call_date,call_date,yes,1,,
https://w3id.org/openim/ontology/PM-07#call_id,datatype_property,PM-07.call_id,https://w3id.org/openim/ontology/PM-07#call_id,call_id,yes,1,identifier-key,
https://w3id.org/openim/ontology/PM-07#call_number,datatype_property,PM-07.call_number,https://w3id.org/openim/ontology/PM-07#call_number,call_number,yes,1,,
https://w3id.org/openim/ontology/PM-07#cumulative_called_pct,datatype_property,PM-07.cumulative_called_pct,https://w3id.org/openim/ontology/PM-07#cumulative_called_pct,cumulative_called_pct,yes,1,,
https://w3id.org/openim/ontology/PM-07#due_date,datatype_property,PM-07.due_date,https://w3id.org/openim/ontology/PM-07#due_date,due_date,yes,1,,
https://w3id.org/openim/ontology/PM-07#purpose,datatype_property,PM-07.purpose,https://w3id.org/openim/ontology/PM-07#purpose,purpose,yes,1,,
https://w3id.org/openim/ontology/PM-07#source,datatype_property,PM-07.source,https://w3id.org/openim/ontology/PM-07#source,source,yes,1,,
https://w3id.org/openim/ontology/PM-08#amount_usd,datatype_property,PM-08.amount_usd,https://w3id.org/openim/ontology/PM-08#amount_usd,amount_usd,yes,1,,
https://w3id.org/openim/ontology/PM-08#dist_date,datatype_property,PM-08.dist_date,https://w3id.org/openim/ontology/PM-08#dist_date,dist_date,yes,1,,
https://w3id.org/openim/ontology/PM-08#dist_id,datatype_property,PM-08.dist_id,https://w3id.org/openim/ontology/PM-08#dist_id,dist_id,yes,1,identifier-key,
https://w3id.org/openim/ontology/PM-08#dist_type,datatype_property,PM-08.dist_type,https://w3id.org/openim/ontology/PM-08#dist_type,dist_type,yes,1,,
https://w3id.org/openim/ontology/PM-08#recallable,datatype_property,PM-08.recallable,https://w3id.org/openim/ontology/PM-08#recallable,recallable,yes,1,,
https://w3id.org/openim/ontology/PM-08#source,datatype_property,PM-08.source,https://w3id.org/openim/ontology/PM-08#source,source,yes,1,,
https://w3id.org/openim/ontology/PM-09#entry_date,datatype_property,PM-09.entry_date,https://w3id.org/openim/ontology/PM-09#entry_date,entry_date,yes,1,,
https://w3id.org/openim/ontology/PM-09#exit_date,datatype_property,PM-09.exit_date,https://w3id.org/openim/ontology/PM-09#exit_date,exit_date,yes,1,,
https://w3id.org/openim/ontology/PM-09#exit_route,datatype_property,PM-09.exit_route,https://w3id.org/openim/ontology/PM-09#exit_route,exit_route,yes,1,,
https://w3id.org/openim/ontology/PM-09#gross_irr,datatype_property,PM-09.gross_irr,https://w3id.org/openim/ontology/PM-09#gross_irr,gross_irr,yes,1,,
https://w3id.org/openim/ontology/PM-09#holding_type,datatype_property,PM-09.holding_type,https://w3id.org/openim/ontology/PM-09#holding_type,holding_type,yes,1,,
https://w3id.org/openim/ontology/PM-09#invested_usd,datatype_property,PM-09.invested_usd,https://w3id.org/openim/ontology/PM-09#invested_usd,invested_usd,yes,1,,
https://w3id.org/openim/ontology/PM-09#investment_id,datatype_property,PM-09.investment_id,https://w3id.org/openim/ontology/PM-09#investment_id,investment_id,yes,1,identifier-key,
https://w3id.org/openim/ontology/PM-09#investment_type,datatype_property,PM-09.investment_type,https://w3id.org/openim/ontology/PM-09#investment_type,investment_type,yes,1,,
https://w3id.org/openim/ontology/PM-09#moic,datatype_property,PM-09.moic,https://w3id.org/openim/ontology/PM-09#moic,moic,yes,1,,
https://w3id.org/openim/ontology/PM-09#realised_usd,datatype_property,PM-09.realised_usd,https://w3id.org/openim/ontology/PM-09#realised_usd,realised_usd,yes,1,,
https://w3id.org/openim/ontology/PM-09#target_id,datatype_property,PM-09.target_id,https://w3id.org/openim/ontology/PM-09#target_id,target_id,yes,1,,
https://w3id.org/openim/ontology/PM-09#unrealised_nav_usd,datatype_property,PM-09.unrealised_nav_usd,https://w3id.org/openim/ontology/PM-09#unrealised_nav_usd,unrealised_nav_usd,yes,1,,
https://w3id.org/openim/ontology/PM-10#definition_type,datatype_property,PM-10.definition_type,https://w3id.org/openim/ontology/PM-10#definition_type,definition_type,yes,1,,
https://w3id.org/openim/ontology/PM-10#effective_from,datatype_property,PM-10.effective_from,https://w3id.org/openim/ontology/PM-10#effective_from,effective_from,yes,1,,
https://w3id.org/openim/ontology/PM-10#effective_to,datatype_property,PM-10.effective_to,https://w3id.org/openim/ontology/PM-10#effective_to,effective_to,yes,1,,
https://w3id.org/openim/ontology/PM-10#fixed_rate,datatype_property,PM-10.fixed_rate,https://w3id.org/openim/ontology/PM-10#fixed_rate,fixed_rate,yes,1,,
https://w3id.org/openim/ontology/PM-10#formula_spec,datatype_property,PM-10.formula_spec,https://w3id.org/openim/ontology/PM-10#formula_spec,formula_spec,yes,1,property-type-literal,
https://w3id.org/openim/ontology/PM-10#hurdle_id,datatype_property,PM-10.hurdle_id,https://w3id.org/openim/ontology/PM-10#hurdle_id,hurdle_id,yes,1,,
https://w3id.org/openim/ontology/PM-10#source,datatype_property,PM-10.source,https://w3id.org/openim/ontology/PM-10#source,source,yes,1,,
https://w3id.org/openim/ontology/PM-10#terms_id,datatype_property,PM-10.terms_id,https://w3id.org/openim/ontology/PM-10#terms_id,terms_id,yes,1,identifier-key,
https://w3id.org/openim/ontology/PM-10#version,datatype_property,PM-10.version,https://w3id.org/openim/ontology/PM-10#version,version,yes,1,property-type-widen,widened to string: the name 'version' has different types in different entities and the Playground requires one (declared type kept in the description)
https://w3id.org/openim/ontology/PM-11#effective_date,datatype_property,PM-11.effective_date,https://w3id.org/openim/ontology/PM-11#effective_date,effective_date,yes,1,,
https://w3id.org/openim/ontology/PM-11#event_type,datatype_property,PM-11.event_type,https://w3id.org/openim/ontology/PM-11#event_type,event_type,yes,1,,
https://w3id.org/openim/ontology/PM-11#source,datatype_property,PM-11.source,https://w3id.org/openim/ontology/PM-11#source,source,yes,1,,
https://w3id.org/openim/ontology/PM-11#succession_id,datatype_property,PM-11.succession_id,https://w3id.org/openim/ontology/PM-11#succession_id,succession_id,yes,1,identifier-key,
https://w3id.org/openim/ontology/PM-12#cross_reference_id,datatype_property,PM-12.cross_reference_id,https://w3id.org/openim/ontology/PM-12#cross_reference_id,cross_reference_id,yes,1,identifier-key,
https://w3id.org/openim/ontology/PM-12#provider,datatype_property,PM-12.provider,https://w3id.org/openim/ontology/PM-12#provider,provider,yes,1,,
https://w3id.org/openim/ontology/PM-12#provider_fund_id,datatype_property,PM-12.provider_fund_id,https://w3id.org/openim/ontology/PM-12#provider_fund_id,provider_fund_id,yes,1,,
https://w3id.org/openim/ontology/PM-12#vintage_year,datatype_property,PM-12.vintage_year,https://w3id.org/openim/ontology/PM-12#vintage_year,vintage_year,yes,1,,
https://w3id.org/openim/ontology/PM-13#allocated_gain,datatype_property,PM-13.allocated_gain,https://w3id.org/openim/ontology/PM-13#allocated_gain,allocated_gain,yes,1,,
https://w3id.org/openim/ontology/PM-13#allocated_income,datatype_property,PM-13.allocated_income,https://w3id.org/openim/ontology/PM-13#allocated_income,allocated_income,yes,1,,
https://w3id.org/openim/ontology/PM-13#capital_account_id,datatype_property,PM-13.capital_account_id,https://w3id.org/openim/ontology/PM-13#capital_account_id,capital_account_id,yes,1,identifier-key,
https://w3id.org/openim/ontology/PM-13#carried_interest,datatype_property,PM-13.carried_interest,https://w3id.org/openim/ontology/PM-13#carried_interest,carried_interest,yes,1,,
https://w3id.org/openim/ontology/PM-13#closing_balance,datatype_property,PM-13.closing_balance,https://w3id.org/openim/ontology/PM-13#closing_balance,closing_balance,yes,1,,
https://w3id.org/openim/ontology/PM-13#contributions,datatype_property,PM-13.contributions,https://w3id.org/openim/ontology/PM-13#contributions,contributions,yes,1,,
https://w3id.org/openim/ontology/PM-13#currency,datatype_property,PM-13.currency,https://w3id.org/openim/ontology/PM-13#currency,currency,yes,1,,
https://w3id.org/openim/ontology/PM-13#distributions,datatype_property,PM-13.distributions,https://w3id.org/openim/ontology/PM-13#distributions,distributions,yes,1,,
https://w3id.org/openim/ontology/PM-13#management_fee,datatype_property,PM-13.management_fee,https://w3id.org/openim/ontology/PM-13#management_fee,management_fee,yes,1,,
https://w3id.org/openim/ontology/PM-13#opening_balance,datatype_property,PM-13.opening_balance,https://w3id.org/openim/ontology/PM-13#opening_balance,opening_balance,yes,1,,
https://w3id.org/openim/ontology/PM-13#period,datatype_property,PM-13.period,https://w3id.org/openim/ontology/PM-13#period,period,yes,1,,
https://w3id.org/openim/ontology/PM-14#collateral_pool_ref,datatype_property,PM-14.collateral_pool_ref,https://w3id.org/openim/ontology/PM-14#collateral_pool_ref,collateral_pool_ref,yes,1,,
https://w3id.org/openim/ontology/PM-14#covenants,datatype_property,PM-14.covenants,https://w3id.org/openim/ontology/PM-14#covenants,covenants,yes,1,property-type-literal,
https://w3id.org/openim/ontology/PM-14#currency,datatype_property,PM-14.currency,https://w3id.org/openim/ontology/PM-14#currency,currency,yes,1,,
https://w3id.org/openim/ontology/PM-14#drawn_amount,datatype_property,PM-14.drawn_amount,https://w3id.org/openim/ontology/PM-14#drawn_amount,drawn_amount,yes,1,,
https://w3id.org/openim/ontology/PM-14#facility_commitment_amount,datatype_property,PM-14.facility_commitment_amount,https://w3id.org/openim/ontology/PM-14#facility_commitment_amount,facility_commitment_amount,yes,1,,
https://w3id.org/openim/ontology/PM-14#facility_type,datatype_property,PM-14.facility_type,https://w3id.org/openim/ontology/PM-14#facility_type,facility_type,yes,1,,
https://w3id.org/openim/ontology/PM-14#interest_rate_structure,datatype_property,PM-14.interest_rate_structure,https://w3id.org/openim/ontology/PM-14#interest_rate_structure,interest_rate_structure,yes,1,property-type-literal,
https://w3id.org/openim/ontology/PM-14#maturity_date,datatype_property,PM-14.maturity_date,https://w3id.org/openim/ontology/PM-14#maturity_date,maturity_date,yes,1,,
https://w3id.org/openim/ontology/PM-14#payment_schedule,datatype_property,PM-14.payment_schedule,https://w3id.org/openim/ontology/PM-14#payment_schedule,payment_schedule,yes,1,property-type-literal,
https://w3id.org/openim/ontology/PM-14#recovery_estimate,datatype_property,PM-14.recovery_estimate,https://w3id.org/openim/ontology/PM-14#recovery_estimate,recovery_estimate,yes,1,,
https://w3id.org/openim/ontology/PM-14#seniority_rank,datatype_property,PM-14.seniority_rank,https://w3id.org/openim/ontology/PM-14#seniority_rank,seniority_rank,yes,1,,
https://w3id.org/openim/ontology/PM-14#undrawn_amount,datatype_property,PM-14.undrawn_amount,https://w3id.org/openim/ontology/PM-14#undrawn_amount,undrawn_amount,yes,1,,
https://w3id.org/openim/ontology/PM-14#workout_status,datatype_property,PM-14.workout_status,https://w3id.org/openim/ontology/PM-14#workout_status,workout_status,yes,1,,
https://w3id.org/openim/ontology/PM-15#converted_record_id,datatype_property,PM-15.converted_record_id,https://w3id.org/openim/ontology/PM-15#converted_record_id,converted_record_id,yes,1,,
https://w3id.org/openim/ontology/PM-15#converted_record_type,datatype_property,PM-15.converted_record_type,https://w3id.org/openim/ontology/PM-15#converted_record_type,converted_record_type,yes,1,,
https://w3id.org/openim/ontology/PM-15#deal_id,datatype_property,PM-15.deal_id,https://w3id.org/openim/ontology/PM-15#deal_id,deal_id,yes,1,identifier-key,
https://w3id.org/openim/ontology/PM-15#deal_name,datatype_property,PM-15.deal_name,https://w3id.org/openim/ontology/PM-15#deal_name,deal_name,yes,1,,
https://w3id.org/openim/ontology/PM-15#originating_team,datatype_property,PM-15.originating_team,https://w3id.org/openim/ontology/PM-15#originating_team,originating_team,yes,1,,
https://w3id.org/openim/ontology/PM-15#source_channel,datatype_property,PM-15.source_channel,https://w3id.org/openim/ontology/PM-15#source_channel,source_channel,yes,1,,
https://w3id.org/openim/ontology/PM-15#sourced_date,datatype_property,PM-15.sourced_date,https://w3id.org/openim/ontology/PM-15#sourced_date,sourced_date,yes,1,,
https://w3id.org/openim/ontology/PM-15#strategy,datatype_property,PM-15.strategy,https://w3id.org/openim/ontology/PM-15#strategy,strategy,yes,1,,
https://w3id.org/openim/ontology/PM-15#structure,datatype_property,PM-15.structure,https://w3id.org/openim/ontology/PM-15#structure,structure,yes,1,,
https://w3id.org/openim/ontology/RA-01#acquisition_date,datatype_property,RA-01.acquisition_date,https://w3id.org/openim/ontology/RA-01#acquisition_date,acquisition_date,yes,1,,
https://w3id.org/openim/ontology/RA-01#asset_category,datatype_property,RA-01.asset_category,https://w3id.org/openim/ontology/RA-01#asset_category,asset_category,yes,1,,
https://w3id.org/openim/ontology/RA-01#asset_name,datatype_property,RA-01.asset_name,https://w3id.org/openim/ontology/RA-01#asset_name,asset_name,yes,1,,
https://w3id.org/openim/ontology/RA-01#asset_subtype,datatype_property,RA-01.asset_subtype,https://w3id.org/openim/ontology/RA-01#asset_subtype,asset_subtype,yes,1,,
https://w3id.org/openim/ontology/RA-01#country,datatype_property,RA-01.country,https://w3id.org/openim/ontology/RA-01#country,country,yes,1,,
https://w3id.org/openim/ontology/RA-01#currency,datatype_property,RA-01.currency,https://w3id.org/openim/ontology/RA-01#currency,currency,yes,1,,
https://w3id.org/openim/ontology/RA-01#external_ids,datatype_property,RA-01.external_ids,https://w3id.org/openim/ontology/RA-01#external_ids,external_ids,yes,1,property-type-literal,
https://w3id.org/openim/ontology/RA-01#lifecycle_stage,datatype_property,RA-01.lifecycle_stage,https://w3id.org/openim/ontology/RA-01#lifecycle_stage,lifecycle_stage,yes,1,,
https://w3id.org/openim/ontology/RA-01#location,datatype_property,RA-01.location,https://w3id.org/openim/ontology/RA-01#location,location,yes,1,,
https://w3id.org/openim/ontology/RA-01#ownership_pct,datatype_property,RA-01.ownership_pct,https://w3id.org/openim/ontology/RA-01#ownership_pct,ownership_pct,yes,1,,
https://w3id.org/openim/ontology/RA-01#physical_size,datatype_property,RA-01.physical_size,https://w3id.org/openim/ontology/RA-01#physical_size,physical_size,yes,1,,
https://w3id.org/openim/ontology/RA-01#real_asset_id,datatype_property,RA-01.real_asset_id,https://w3id.org/openim/ontology/RA-01#real_asset_id,real_asset_id,yes,1,identifier-key,
https://w3id.org/openim/ontology/RA-01#size_unit,datatype_property,RA-01.size_unit,https://w3id.org/openim/ontology/RA-01#size_unit,size_unit,yes,1,,
https://w3id.org/openim/ontology/RA-01#status,datatype_property,RA-01.status,https://w3id.org/openim/ontology/RA-01#status,status,yes,1,,
https://w3id.org/openim/ontology/RA-01#tenure,datatype_property,RA-01.tenure,https://w3id.org/openim/ontology/RA-01#tenure,tenure,yes,1,,
https://w3id.org/openim/ontology/RA-02#availability_pct,datatype_property,RA-02.availability_pct,https://w3id.org/openim/ontology/RA-02#availability_pct,availability_pct,yes,1,,
https://w3id.org/openim/ontology/RA-02#capacity_utilisation,datatype_property,RA-02.capacity_utilisation,https://w3id.org/openim/ontology/RA-02#capacity_utilisation,capacity_utilisation,yes,1,,
https://w3id.org/openim/ontology/RA-02#capex_incurred,datatype_property,RA-02.capex_incurred,https://w3id.org/openim/ontology/RA-02#capex_incurred,capex_incurred,yes,1,,
https://w3id.org/openim/ontology/RA-02#currency,datatype_property,RA-02.currency,https://w3id.org/openim/ontology/RA-02#currency,currency,yes,1,,
https://w3id.org/openim/ontology/RA-02#gross_income,datatype_property,RA-02.gross_income,https://w3id.org/openim/ontology/RA-02#gross_income,gross_income,yes,1,,
https://w3id.org/openim/ontology/RA-02#net_operating_income,datatype_property,RA-02.net_operating_income,https://w3id.org/openim/ontology/RA-02#net_operating_income,net_operating_income,yes,1,,
https://w3id.org/openim/ontology/RA-02#occupancy_rate,datatype_property,RA-02.occupancy_rate,https://w3id.org/openim/ontology/RA-02#occupancy_rate,occupancy_rate,yes,1,,
https://w3id.org/openim/ontology/RA-02#operating_expense,datatype_property,RA-02.operating_expense,https://w3id.org/openim/ontology/RA-02#operating_expense,operating_expense,yes,1,,
https://w3id.org/openim/ontology/RA-02#operating_record_id,datatype_property,RA-02.operating_record_id,https://w3id.org/openim/ontology/RA-02#operating_record_id,operating_record_id,yes,1,identifier-key,
https://w3id.org/openim/ontology/RA-02#period_end,datatype_property,RA-02.period_end,https://w3id.org/openim/ontology/RA-02#period_end,period_end,yes,1,,
https://w3id.org/openim/ontology/RA-02#period_start,datatype_property,RA-02.period_start,https://w3id.org/openim/ontology/RA-02#period_start,period_start,yes,1,,
https://w3id.org/openim/ontology/RA-02#revenue_basis,datatype_property,RA-02.revenue_basis,https://w3id.org/openim/ontology/RA-02#revenue_basis,revenue_basis,yes,1,,
https://w3id.org/openim/ontology/RA-02#source,datatype_property,RA-02.source,https://w3id.org/openim/ontology/RA-02#source,source,yes,1,,
https://w3id.org/openim/ontology/RA-02#throughput,datatype_property,RA-02.throughput,https://w3id.org/openim/ontology/RA-02#throughput,throughput,yes,1,,
https://w3id.org/openim/ontology/RA-02#throughput_unit,datatype_property,RA-02.throughput_unit,https://w3id.org/openim/ontology/RA-02#throughput_unit,throughput_unit,yes,1,,
https://w3id.org/openim/ontology/RA-03#break_date,datatype_property,RA-03.break_date,https://w3id.org/openim/ontology/RA-03#break_date,break_date,yes,1,,
https://w3id.org/openim/ontology/RA-03#currency,datatype_property,RA-03.currency,https://w3id.org/openim/ontology/RA-03#currency,currency,yes,1,,
https://w3id.org/openim/ontology/RA-03#demised_area,datatype_property,RA-03.demised_area,https://w3id.org/openim/ontology/RA-03#demised_area,demised_area,yes,1,,
https://w3id.org/openim/ontology/RA-03#lease_expiry,datatype_property,RA-03.lease_expiry,https://w3id.org/openim/ontology/RA-03#lease_expiry,lease_expiry,yes,1,,
https://w3id.org/openim/ontology/RA-03#lease_id,datatype_property,RA-03.lease_id,https://w3id.org/openim/ontology/RA-03#lease_id,lease_id,yes,1,identifier-key,
https://w3id.org/openim/ontology/RA-03#lease_start,datatype_property,RA-03.lease_start,https://w3id.org/openim/ontology/RA-03#lease_start,lease_start,yes,1,,
https://w3id.org/openim/ontology/RA-03#lease_status,datatype_property,RA-03.lease_status,https://w3id.org/openim/ontology/RA-03#lease_status,lease_status,yes,1,,
https://w3id.org/openim/ontology/RA-03#lease_type,datatype_property,RA-03.lease_type,https://w3id.org/openim/ontology/RA-03#lease_type,lease_type,yes,1,,
https://w3id.org/openim/ontology/RA-03#next_review_date,datatype_property,RA-03.next_review_date,https://w3id.org/openim/ontology/RA-03#next_review_date,next_review_date,yes,1,,
https://w3id.org/openim/ontology/RA-03#passing_rent,datatype_property,RA-03.passing_rent,https://w3id.org/openim/ontology/RA-03#passing_rent,passing_rent,yes,1,,
https://w3id.org/openim/ontology/RA-03#rent_review_basis,datatype_property,RA-03.rent_review_basis,https://w3id.org/openim/ontology/RA-03#rent_review_basis,rent_review_basis,yes,1,,
https://w3id.org/openim/ontology/RA-03#source,datatype_property,RA-03.source,https://w3id.org/openim/ontology/RA-03#source,source,yes,1,,
https://w3id.org/openim/ontology/RA-03#tenant_covenant,datatype_property,RA-03.tenant_covenant,https://w3id.org/openim/ontology/RA-03#tenant_covenant,tenant_covenant,yes,1,,
https://w3id.org/openim/ontology/RA-04#actual_completion,datatype_property,RA-04.actual_completion,https://w3id.org/openim/ontology/RA-04#actual_completion,actual_completion,yes,1,,
https://w3id.org/openim/ontology/RA-04#concession_end,datatype_property,RA-04.concession_end,https://w3id.org/openim/ontology/RA-04#concession_end,concession_end,yes,1,,
https://w3id.org/openim/ontology/RA-04#concession_start,datatype_property,RA-04.concession_start,https://w3id.org/openim/ontology/RA-04#concession_start,concession_start,yes,1,,
https://w3id.org/openim/ontology/RA-04#construction_start,datatype_property,RA-04.construction_start,https://w3id.org/openim/ontology/RA-04#construction_start,construction_start,yes,1,,
https://w3id.org/openim/ontology/RA-04#cost_incurred_to_date,datatype_property,RA-04.cost_incurred_to_date,https://w3id.org/openim/ontology/RA-04#cost_incurred_to_date,cost_incurred_to_date,yes,1,,
https://w3id.org/openim/ontology/RA-04#currency,datatype_property,RA-04.currency,https://w3id.org/openim/ontology/RA-04#currency,currency,yes,1,,
https://w3id.org/openim/ontology/RA-04#development_type,datatype_property,RA-04.development_type,https://w3id.org/openim/ontology/RA-04#development_type,development_type,yes,1,,
https://w3id.org/openim/ontology/RA-04#project_id,datatype_property,RA-04.project_id,https://w3id.org/openim/ontology/RA-04#project_id,project_id,yes,1,identifier-key,
https://w3id.org/openim/ontology/RA-04#project_phase,datatype_property,RA-04.project_phase,https://w3id.org/openim/ontology/RA-04#project_phase,project_phase,yes,1,,
https://w3id.org/openim/ontology/RA-04#revenue_model,datatype_property,RA-04.revenue_model,https://w3id.org/openim/ontology/RA-04#revenue_model,revenue_model,yes,1,,
https://w3id.org/openim/ontology/RA-04#status,datatype_property,RA-04.status,https://w3id.org/openim/ontology/RA-04#status,status,yes,1,,
https://w3id.org/openim/ontology/RA-04#target_completion,datatype_property,RA-04.target_completion,https://w3id.org/openim/ontology/RA-04#target_completion,target_completion,yes,1,,
https://w3id.org/openim/ontology/RA-04#total_development_cost,datatype_property,RA-04.total_development_cost,https://w3id.org/openim/ontology/RA-04#total_development_cost,total_development_cost,yes,1,,
https://w3id.org/openim/ontology/RA-05#appraisal_id,datatype_property,RA-05.appraisal_id,https://w3id.org/openim/ontology/RA-05#appraisal_id,appraisal_id,yes,1,identifier-key,
https://w3id.org/openim/ontology/RA-05#appraised_value,datatype_property,RA-05.appraised_value,https://w3id.org/openim/ontology/RA-05#appraised_value,appraised_value,yes,1,,
https://w3id.org/openim/ontology/RA-05#basis_of_value,datatype_property,RA-05.basis_of_value,https://w3id.org/openim/ontology/RA-05#basis_of_value,basis_of_value,yes,1,,
https://w3id.org/openim/ontology/RA-05#confidence_score,datatype_property,RA-05.confidence_score,https://w3id.org/openim/ontology/RA-05#confidence_score,confidence_score,yes,1,,
https://w3id.org/openim/ontology/RA-05#currency,datatype_property,RA-05.currency,https://w3id.org/openim/ontology/RA-05#currency,currency,yes,1,,
https://w3id.org/openim/ontology/RA-05#discount_rate,datatype_property,RA-05.discount_rate,https://w3id.org/openim/ontology/RA-05#discount_rate,discount_rate,yes,1,,
https://w3id.org/openim/ontology/RA-05#inspection_date,datatype_property,RA-05.inspection_date,https://w3id.org/openim/ontology/RA-05#inspection_date,inspection_date,yes,1,,
https://w3id.org/openim/ontology/RA-05#reporting_basis,datatype_property,RA-05.reporting_basis,https://w3id.org/openim/ontology/RA-05#reporting_basis,reporting_basis,yes,1,,
https://w3id.org/openim/ontology/RA-05#valuation_approach,datatype_property,RA-05.valuation_approach,https://w3id.org/openim/ontology/RA-05#valuation_approach,valuation_approach,yes,1,,
https://w3id.org/openim/ontology/RA-05#valuation_date,datatype_property,RA-05.valuation_date,https://w3id.org/openim/ontology/RA-05#valuation_date,valuation_date,yes,1,,
https://w3id.org/openim/ontology/RA-05#valuation_standard,datatype_property,RA-05.valuation_standard,https://w3id.org/openim/ontology/RA-05#valuation_standard,valuation_standard,yes,1,,
https://w3id.org/openim/ontology/RA-05#valuer_type,datatype_property,RA-05.valuer_type,https://w3id.org/openim/ontology/RA-05#valuer_type,valuer_type,yes,1,,
